"sitesCode","species","DHP","Etat","DHP_class","Health_class","DHP_Category"
"aj11e","fraxi.cf.penns",15,5,15,0,"15"
"aj11e","fraxi.cf.penns",15,5,15,0,"15"
"aj11e","fraxi.cf.penns",15,5,15,0,"15"
"aj11e","fraxi.cf.penns",15,5,15,0,"15"
"aj11e","fraxi.cf.penns",15,5,15,0,"15"
"aj11e","fraxi.cf.penns",15,5,15,0,"15"
"aj11e","fraxi.cf.penns",15,5,15,0,"15"
"aj11e","fraxi.cf.penns",15,5,15,0,"15"
"aj11e","fraxi.cf.penns",15,5,15,0,"15"
"aj11e","fraxi.cf.penns",15,5,15,0,"15"
"aj11e","fraxi.cf.penns",15,5,15,0,"15"
"aj11e","fraxi.cf.penns",15,5,15,0,"15"
"aj11e","fraxi.cf.penns",15,5,15,0,"15"
"aj11e","fraxi.cf.penns",15,5,15,0,"15"
"aj11e","fraxi.cf.penns",15,5,15,0,"15"
"aj11e","fraxi.cf.penns",15,5,15,0,"15"
"aj11e","fraxi.cf.penns",15,5,15,0,"15"
"aj11e","fraxi.cf.penns",15,5,15,0,"15"
"aj11e","fraxi.cf.penns",15,5,15,0,"15"
"aj11e","fraxi.cf.penns",15,3,15,1,"15"
"aj11e","fraxi.cf.penns",25,5,25,0,"25"
"aj11e","fraxi.cf.penns",25,5,25,0,"25"
"aj11e","fraxi.cf.penns",25,5,25,0,"25"
"aj12eXYZ","fraxi.cf.penns",15,5,15,0,"15"
"aj12eXYZ","fraxi.cf.penns",15,5,15,0,"15"
"aj12eXYZ","fraxi.cf.penns",15,5,15,0,"15"
"aj12eXYZ","fraxi.cf.penns",15,5,15,0,"15"
"aj12eXYZ","fraxi.cf.penns",15,5,15,0,"15"
"aj12eXYZ","fraxi.cf.penns",15,5,15,0,"15"
"aj12eXYZ","fraxi.cf.penns",15,5,15,0,"15"
"aj12eXYZ","fraxi.cf.penns",15,5,15,0,"15"
"aj12eXYZ","fraxi.cf.penns",15,5,15,0,"15"
"aj12eXYZ","fraxi.cf.penns",15,5,15,0,"15"
"aj12eXYZ","fraxi.cf.penns",15,5,15,0,"15"
"aj12eXYZ","fraxi.cf.penns",15,5,15,0,"15"
"aj12eXYZ","fraxi.cf.penns",15,5,15,0,"15"
"aj12eXYZ","fraxi.cf.penns",25,5,25,0,"25"
"aj12eXYZ","fraxi.cf.penns",25,5,25,0,"25"
"aj13e","fraxi.cf.penns",15,5,15,0,"15"
"aj13e","fraxi.cf.penns",15,5,15,0,"15"
"aj13e","fraxi.cf.penns",15,5,15,0,"15"
"aj13e","fraxi.cf.penns",15,5,15,0,"15"
"aj13e","fraxi.cf.penns",15,5,15,0,"15"
"aj13e","fraxi.cf.penns",15,5,15,0,"15"
"aj13e","fraxi.cf.penns",15,5,15,0,"15"
"aj13e","fraxi.cf.penns",15,5,15,0,"15"
"aj13e","fraxi.cf.penns",25,5,25,0,"25"
"aj13e","fraxi.cf.penns",25,5,25,0,"25"
"aj13e","fraxi.cf.penns",25,5,25,0,"25"
"aj13e","fraxi.cf.penns",35,5,35,0,"35"
"aj2c","fraxi.cf.penns",35,5,35,0,"35"
"aj2c","fraxi.cf.penns",15,5,15,0,"15"
"aj2c","fraxi.cf.penns",15,5,15,0,"15"
"aj2c","fraxi.cf.penns",15,5,15,0,"15"
"aj2c","fraxi.cf.penns",25,5,25,0,"25"
"aj2c","fraxi.cf.penns",15,5,15,0,"15"
"aj2c","fraxi.cf.penns",15,5,15,0,"15"
"aj2c","fraxi.cf.penns",25,5,25,0,"25"
"aj2c","fraxi.cf.penns",15,5,15,0,"15"
"aj2c","fraxi.cf.penns",15,5,15,0,"15"
"aj2c","fraxi.cf.penns",15,5,15,0,"15"
"aj2c","fraxi.cf.penns",15,5,15,0,"15"
"aj2c","fraxi.cf.penns",15,5,15,0,"15"
"aj2c","fraxi.cf.penns",15,5,15,0,"15"
"aj2c","fraxi.cf.penns",15,5,15,0,"15"
"aj2c","fraxi.cf.penns",15,5,15,0,"15"
"aj2c","fraxi.cf.penns",25,5,25,0,"25"
"aj2c","fraxi.cf.penns",15,5,15,0,"15"
"aj2c","fraxi.cf.penns",15,5,15,0,"15"
"aj3c","fraxi.cf.penns",25,5,25,0,"25"
"aj3c","fraxi.cf.penns",25,5,25,0,"25"
"aj3c","fraxi.cf.penns",35,5,35,0,"35"
"aj4c","fraxi.cf.penns",35,5,35,0,"35"
"aj4c","fraxi.cf.penns",35,5,35,0,"35"
"aj4c","fraxi.cf.penns",15,5,15,0,"15"
"aj4c","fraxi.cf.penns",25,5,25,0,"25"
"aj4c","fraxi.cf.penns",15,5,15,0,"15"
"aj4c","fraxi.cf.penns",15,5,15,0,"15"
"aj4c","fraxi.nigra",15,5,15,0,"15"
"aj5c","fraxi.cf.penns",15,5,15,0,"15"
"aj5c","fraxi.cf.penns",15,5,15,0,"15"
"aj5c","fraxi.cf.penns",15,5,15,0,"15"
"aj5c","fraxi.cf.penns",15,5,15,0,"15"
"aj5c","fraxi.cf.penns",15,5,15,0,"15"
"aj5c","fraxi.cf.penns",25,5,25,0,"25"
"aj5c","fraxi.cf.penns",15,5,15,0,"15"
"aj5c","fraxi.cf.penns",25,5,25,0,"25"
"aj5c","fraxi.cf.penns",15,5,15,0,"15"
"aj5c","fraxi.cf.penns",15,5,15,0,"15"
"aj5c","fraxi.cf.penns",35,5,35,0,"35"
"aj5c","fraxi.cf.penns",15,5,15,0,"15"
"aj5c","fraxi.cf.penns",15,5,15,0,"15"
"aj5c","fraxi.cf.penns",25,5,25,0,"25"
"aj5c","fraxi.cf.penns",25,5,25,0,"25"
"aj6c","fraxi.cf.penns",25,5,25,0,"25"
"aj6c","fraxi.cf.penns",15,5,15,0,"15"
"aj6c","fraxi.cf.penns",15,5,15,0,"15"
"aj6c","fraxi.cf.penns",25,5,25,0,"25"
"aj6c","fraxi.cf.penns",15,5,15,0,"15"
"aj6c","fraxi.cf.penns",15,5,15,0,"15"
"aj6c","fraxi.cf.penns",15,5,15,0,"15"
"aj6c","fraxi.cf.penns",15,5,15,0,"15"
"aj6c","fraxi.cf.penns",15,5,15,0,"15"
"aj6c","fraxi.cf.penns",15,5,15,0,"15"
"aj6c","fraxi.cf.penns",15,5,15,0,"15"
"aj6c","fraxi.cf.penns",15,5,15,0,"15"
"aj6c","fraxi.cf.penns",15,5,15,0,"15"
"aj6c","fraxi.cf.penns",15,5,15,0,"15"
"aj6c","fraxi.cf.penns",15,5,15,0,"15"
"aj6c","fraxi.cf.penns",35,5,35,0,"35"
"aj6c","fraxi.cf.penns",15,5,15,0,"15"
"aj6c","fraxi.cf.penns",15,5,15,0,"15"
"aj6c","fraxi.cf.penns",15,5,15,0,"15"
"aj6c","fraxi.cf.penns",25,5,25,0,"25"
"aj6c","fraxi.cf.penns",25,5,25,0,"25"
"aj6c","fraxi.cf.penns",25,5,25,0,"25"
"aj6c","fraxi.cf.penns",15,5,15,0,"15"
"aj6c","fraxi.cf.penns",15,5,15,0,"15"
"aj6c","fraxi.cf.penns",15,5,15,0,"15"
"aj6c","fraxi.cf.penns",15,5,15,0,"15"
"aj6c","fraxi.cf.penns",25,5,25,0,"25"
"aj6c","fraxi.cf.penns",15,5,15,0,"15"
"aj6c","fraxi.cf.penns",15,5,15,0,"15"
"aj6c","fraxi.cf.penns",15,5,15,0,"15"
"aj6c","fraxi.cf.penns",15,5,15,0,"15"
"aj6c","fraxi.cf.penns",15,5,15,0,"15"
"aj6c","fraxi.cf.penns",25,5,25,0,"25"
"aj6c","fraxi.cf.penns",15,5,15,0,"15"
"aj6c","fraxi.cf.penns",15,5,15,0,"15"
"aj6c","fraxi.cf.penns",15,5,15,0,"15"
"aj6c","fraxi.cf.penns",15,5,15,0,"15"
"aj6c","fraxi.cf.penns",15,5,15,0,"15"
"aj6c","fraxi.cf.penns",15,5,15,0,"15"
"aj6c","fraxi.cf.penns",15,5,15,0,"15"
"aj6c","fraxi.cf.penns",15,5,15,0,"15"
"aj6c","fraxi.cf.penns",25,5,25,0,"25"
"aj6c","fraxi.cf.penns",15,5,15,0,"15"
"aj6c","fraxi.cf.penns",15,5,15,0,"15"
"aj6c","fraxi.cf.penns",15,5,15,0,"15"
"aj6c","fraxi.cf.penns",15,5,15,0,"15"
"aj6c","fraxi.cf.penns",15,5,15,0,"15"
"aj6c","fraxi.cf.penns",15,5,15,0,"15"
"aj6c","fraxi.cf.penns",25,5,25,0,"25"
"aj6c","fraxi.cf.penns",35,5,35,0,"35"
"aj6c","fraxi.cf.penns",15,5,15,0,"15"
"aj6c","fraxi.cf.penns",15,5,15,0,"15"
"aj7c","fraxi.cf.penns",15,5,15,0,"15"
"aj7c","fraxi.cf.penns",15,5,15,0,"15"
"aj7c","fraxi.cf.penns",15,5,15,0,"15"
"aj7c","fraxi.cf.penns",15,5,15,0,"15"
"aj7c","fraxi.cf.penns",15,5,15,0,"15"
"aj7c","fraxi.cf.penns",15,5,15,0,"15"
"aj7c","fraxi.cf.penns",15,5,15,0,"15"
"aj7c","fraxi.cf.penns",15,5,15,0,"15"
"aj7c","fraxi.cf.penns",15,5,15,0,"15"
"aj7c","fraxi.cf.penns",15,5,15,0,"15"
"aj7c","fraxi.cf.penns",25,5,25,0,"25"
"aj7c","fraxi.cf.penns",25,5,25,0,"25"
"aj7c","fraxi.cf.penns",35,5,35,0,"35"
"aj7c","fraxi.cf.penns",35,5,35,0,"35"
"aj8e","fraxi.cf.penns",15,5,15,0,"15"
"aj8e","fraxi.cf.penns",15,5,15,0,"15"
"aj8e","fraxi.cf.penns",15,5,15,0,"15"
"aj8e","fraxi.cf.penns",25,5,25,0,"25"
"aj8e","fraxi.cf.penns",15,5,15,0,"15"
"aj8e","fraxi.cf.penns",25,5,25,0,"25"
"an11e","fraxi.cf.penns",15,3,15,1,"15"
"an11e","fraxi.cf.penns",15,6,15,0,"15"
"an11e","fraxi.cf.penns",15,5,15,0,"15"
"an12e","fraxi.cf.penns",15,6,15,0,"15"
"an12e","fraxi.cf.penns",15,4,15,1,"15"
"an12e","fraxi.cf.penns",15,5,15,0,"15"
"an12e","fraxi.cf.penns",15,5,15,0,"15"
"an13e","fraxi.cf.penns",15,1,15,1,"15"
"an13e","fraxi.cf.penns",15,3,15,1,"15"
"an1c","fraxi.cf.penns",15,2,15,1,"15"
"an4c","fraxi.cf.penns",15,6,15,0,"15"
"an4c","fraxi.cf.penns",15,5,15,0,"15"
"an4c","fraxi.cf.penns",15,5,15,0,"15"
"an4c","fraxi.cf.penns",15,6,15,0,"15"
"an4c","fraxi.cf.penns",15,4,15,1,"15"
"an5c","fraxi.cf.penns",25,5,25,0,"25"
"an5c","fraxi.cf.penns",51,5,55,0,"45+"
"an7c","fraxi.cf.penns",25,5,25,0,"25"
"an8e","fraxi.nigra",25,5,25,0,"25"
"an8e","fraxi.cf.penns",35,5,35,0,"35"
"an8e","fraxi.cf.penns",35,5,35,0,"35"
"an8e","fraxi.cf.penns",35,5,35,0,"35"
"an9e","fraxi.cf.penns",15,4,15,1,"15"
"an9e","fraxi.cf.penns",35,5,35,0,"35"
"an9e","fraxi.cf.penns",45,5,45,0,"45+"
"arb1c","fraxi.cf.penns",35,5,35,0,"35"
"arb1c","fraxi.cf.penns",15,4,15,1,"15"
"arb2c","fraxi.cf.penns",25,5,25,0,"25"
"arb2c","fraxi.cf.penns",25,5,25,0,"25"
"arb2c","fraxi.cf.penns",15,5,15,0,"15"
"arb2c","fraxi.cf.penns",15,5,15,0,"15"
"arb3c","fraxi.cf.penns",25,5,25,0,"25"
"arb3c","fraxi.cf.penns",25,5,25,0,"25"
"arb3c","fraxi.cf.penns",25,5,25,0,"25"
"arb3c","fraxi.cf.penns",25,5,25,0,"25"
"arb3c","fraxi.cf.penns",25,6,25,0,"25"
"arb3c","fraxi.cf.penns",15,5,15,0,"15"
"arb4e","fraxi.cf.penns",45,5,45,0,"45+"
"arb4e","fraxi.cf.penns",15,5,15,0,"15"
"arb4e","fraxi.cf.penns",25,5,25,0,"25"
"arb4e","fraxi.cf.penns",15,5,15,0,"15"
"arb4e","fraxi.cf.penns",15,5,15,0,"15"
"arb4e","fraxi.cf.penns",15,6,15,0,"15"
"arb5e","fraxi.cf.penns",15,5,15,0,"15"
"arb5e","fraxi.cf.penns",25,5,25,0,"25"
"arb5e","fraxi.cf.penns",15,5,15,0,"15"
"arb5e","fraxi.cf.penns",15,5,15,0,"15"
"arb5e","fraxi.cf.penns",15,5,15,0,"15"
"arb5e","fraxi.cf.penns",25,5,25,0,"25"
"arb5e","fraxi.cf.penns",15,5,15,0,"15"
"arb5e","fraxi.cf.penns",15,5,15,0,"15"
"arb5e","fraxi.cf.penns",25,5,25,0,"25"
"arb5e","fraxi.cf.penns",35,5,35,0,"35"
"arb5e","fraxi.cf.penns",15,5,15,0,"15"
"arb5e","fraxi.cf.penns",15,5,15,0,"15"
"arb5e","fraxi.cf.penns",15,5,15,0,"15"
"arb5e","fraxi.cf.penns",15,5,15,0,"15"
"bea3e","fraxi.cf.penns",25,5,25,0,"25"
"bea4e","fraxi.cf.penns",15,1,15,1,"15"
"bea4e","fraxi.cf.penns",35,5,35,0,"35"
"bea5e","fraxi.cf.penns",15,5,15,0,"15"
"ce1c","fraxi.cf.penns",25,6,25,0,"25"
"ce1c","fraxi.cf.penns",15,6,15,0,"15"
"ce1c","fraxi.cf.penns",15,5,15,0,"15"
"ce5e","fraxi.cf.penns",25,5,25,0,"25"
"ce5e","fraxi.cf.penns",45,5,45,0,"45+"
"ce5e","fraxi.cf.penns",45,5,45,0,"45+"
"ce5e","fraxi.cf.penns",35,5,35,0,"35"
"ce5e","fraxi.cf.penns",15,1,15,1,"15"
"ce5e","fraxi.cf.penns",15,3,15,1,"15"
"ce5e","fraxi.cf.penns",45,5,45,0,"45+"
"ce5e","fraxi.cf.penns",35,5,35,0,"35"
"ce5e","fraxi.cf.penns",15,3,15,1,"15"
"ce5e","fraxi.cf.penns",25,5,25,0,"25"
"ce5e","fraxi.cf.penns",35,5,35,0,"35"
"ce6e","fraxi.cf.penns",35,5,35,0,"35"
"ce6e","fraxi.nigra",25,5,25,0,"25"
"ce6e","fraxi.cf.penns",25,5,25,0,"25"
"ce6e","fraxi.cf.penns",35,5,35,0,"35"
"ce6e","fraxi.cf.penns",45,5,45,0,"45+"
"fla2c","fraxi.cf.penns",15,5,15,0,"15"
"fla2c","fraxi.cf.penns",15,5,15,0,"15"
"fla2c","fraxi.cf.penns",15,5,15,0,"15"
"fla2c","fraxi.cf.penns",15,5,15,0,"15"
"fla3c","fraxi.cf.penns",15,5,15,0,"15"
"fla3c","fraxi.cf.penns",15,5,15,0,"15"
"fla3c","fraxi.cf.penns",15,5,15,0,"15"
"fla3c","fraxi.cf.penns",15,5,15,0,"15"
"fla3c","fraxi.cf.penns",15,5,15,0,"15"
"fla5e","fraxi.cf.penns",35,5,35,0,"35"
"fla5e","fraxi.cf.penns",15,5,15,0,"15"
"fla5e","fraxi.cf.penns",15,5,15,0,"15"
"flb1c","fraxi.cf.penns",15,6,15,0,"15"
"flb1c","fraxi.cf.penns",15,5,15,0,"15"
"flb1c","fraxi.cf.penns",15,5,15,0,"15"
"flb1c","fraxi.cf.penns",15,5,15,0,"15"
"flb1c","fraxi.cf.penns",15,5,15,0,"15"
"flb1c","fraxi.cf.penns",15,5,15,0,"15"
"flb1c","fraxi.cf.penns",15,4,15,1,"15"
"flb1c","fraxi.cf.penns",15,4,15,1,"15"
"flb2c","fraxi.cf.penns",15,5,15,0,"15"
"flb2c","fraxi.cf.penns",15,2,15,1,"15"
"flb2c","fraxi.cf.penns",15,5,15,0,"15"
"flb2c","fraxi.cf.penns",15,5,15,0,"15"
"flb2c","fraxi.cf.penns",15,3,15,1,"15"
"flb2c","fraxi.cf.penns",15,6,15,0,"15"
"flb2c","fraxi.cf.penns",25,5,25,0,"25"
"flb2c","fraxi.cf.penns",15,5,15,0,"15"
"flb2c","fraxi.cf.penns",15,5,15,0,"15"
"flb2c","fraxi.cf.penns",25,5,25,0,"25"
"flb2c","fraxi.cf.penns",15,2,15,1,"15"
"flb2c","fraxi.cf.penns",15,1,15,1,"15"
"flb2c","fraxi.cf.penns",25,5,25,0,"25"
"flb3c","fraxi.cf.penns",15,6,15,0,"15"
"flb3c","fraxi.cf.penns",25,5,25,0,"25"
"flb3c","fraxi.cf.penns",15,6,15,0,"15"
"flb3c","fraxi.cf.penns",25,6,25,0,"25"
"flb3c","fraxi.cf.penns",15,6,15,0,"15"
"flb5e","fraxi.cf.penns",15,5,15,0,"15"
"flb5e","fraxi.cf.penns",15,5,15,0,"15"
"flb5e","fraxi.cf.penns",15,6,15,0,"15"
"flb5e","fraxi.cf.penns",15,5,15,0,"15"
"flb5e","fraxi.cf.penns",15,6,15,0,"15"
"flb5e","fraxi.cf.penns",15,6,15,0,"15"
"flb5e","fraxi.cf.penns",15,5,15,0,"15"
"flb5e","fraxi.cf.penns",15,5,15,0,"15"
"flb5e","fraxi.cf.penns",15,5,15,0,"15"
"flb5e","fraxi.cf.penns",15,5,15,0,"15"
"flb5e","fraxi.cf.penns",15,4,15,1,"15"
"flb5e","fraxi.cf.penns",15,6,15,0,"15"
"flb5e","fraxi.cf.penns",25,6,25,0,"25"
"flb5e","fraxi.cf.penns",25,5,25,0,"25"
"flb5e","fraxi.cf.penns",25,4,25,1,"25"
"flb6e","fraxi.cf.penns",15,6,15,0,"15"
"flb6e","fraxi.cf.penns",15,5,15,0,"15"
"flb6e","fraxi.cf.penns",15,2,15,1,"15"
"flb8e","fraxi.cf.penns",15,6,15,0,"15"
"flb8e","fraxi.cf.penns",25,6,25,0,"25"
"flb8e","fraxi.cf.penns",25,5,25,0,"25"
"flb8e","fraxi.cf.penns",15,5,15,0,"15"
"gra1c","fraxi.cf.penns",35,5,35,0,"35"
"gra1c","fraxi.cf.penns",15,5,15,0,"15"
"gra1c","fraxi.cf.penns",25,5,25,0,"25"
"gra1c","fraxi.cf.penns",25,5,25,0,"25"
"gra1c","fraxi.cf.penns",15,5,15,0,"15"
"gra1c","fraxi.cf.penns",25,5,25,0,"25"
"gra1c","fraxi.cf.penns",25,5,25,0,"25"
"gra1c","fraxi.cf.penns",15,5,15,0,"15"
"gra1c","fraxi.cf.penns",15,5,15,0,"15"
"gra4e","fraxi.cf.penns",35,5,35,0,"35"
"gra4e","fraxi.cf.penns",25,5,25,0,"25"
"he12e","fraxi.cf.penns",15,5,15,0,"15"
"he14e","fraxi.cf.penns",15,5,15,0,"15"
"he14e","fraxi.cf.penns",15,6,15,0,"15"
"he14e","fraxi.cf.penns",15,5,15,0,"15"
"he14e","fraxi.cf.penns",15,5,15,0,"15"
"he14e","fraxi.cf.penns",15,5,15,0,"15"
"he14e","fraxi.cf.penns",15,5,15,0,"15"
"he14e","fraxi.cf.penns",15,5,15,0,"15"
"he14e","fraxi.cf.penns",15,5,15,0,"15"
"he14e","fraxi.cf.penns",15,6,15,0,"15"
"he14e","fraxi.cf.penns",15,6,15,0,"15"
"he14e","fraxi.cf.penns",15,6,15,0,"15"
"he14e","fraxi.cf.penns",15,5,15,0,"15"
"he2c","fraxi.cf.penns",15,5,15,0,"15"
"he2c","fraxi.cf.penns",15,5,15,0,"15"
"he2c","fraxi.cf.penns",15,5,15,0,"15"
"he2c","fraxi.cf.penns",15,5,15,0,"15"
"he2c","fraxi.cf.penns",15,3,15,1,"15"
"he2c","fraxi.cf.penns",15,5,15,0,"15"
"he4c","fraxi.cf.penns",15,6,15,0,"15"
"he4c","fraxi.cf.penns",15,5,15,0,"15"
"he4c","fraxi.cf.penns",15,5,15,0,"15"
"he4c","fraxi.cf.penns",15,5,15,0,"15"
"he4c","fraxi.cf.penns",15,5,15,0,"15"
"he4c","fraxi.cf.penns",15,5,15,0,"15"
"he4c","fraxi.cf.penns",15,5,15,0,"15"
"he4c","fraxi.cf.penns",25,5,25,0,"25"
"he4c","fraxi.cf.penns",25,5,25,0,"25"
"he4c","fraxi.cf.penns",25,5,25,0,"25"
"he4c","fraxi.cf.penns",25,5,25,0,"25"
"he4c","fraxi.cf.penns",25,5,25,0,"25"
"he4c","fraxi.cf.penns",25,5,25,0,"25"
"he4c","fraxi.cf.penns",25,5,25,0,"25"
"he4c","fraxi.cf.penns",25,5,25,0,"25"
"he4c","fraxi.cf.penns",25,5,25,0,"25"
"he4c","fraxi.cf.penns",25,5,25,0,"25"
"he4c","fraxi.cf.penns",25,5,25,0,"25"
"he4c","fraxi.cf.penns",25,5,25,0,"25"
"he4c","fraxi.cf.penns",35,5,35,0,"35"
"he4c","fraxi.cf.penns",35,5,35,0,"35"
"he4c","fraxi.cf.penns",35,5,35,0,"35"
"he4c","fraxi.cf.penns",45,5,45,0,"45+"
"he4c","fraxi.cf.penns",58.5,5,55,0,"45+"
"he5c","fraxi.cf.penns",15,5,15,0,"15"
"he5c","fraxi.cf.penns",15,2,15,1,"15"
"he7c","fraxi.cf.penns",15,6,15,0,"15"
"he7c","fraxi.cf.penns",15,5,15,0,"15"
"he7c","fraxi.cf.penns",15,5,15,0,"15"
"he7c","fraxi.cf.penns",15,5,15,0,"15"
"he8c","fraxi.cf.penns",15,5,15,0,"15"
"he8c","fraxi.cf.penns",15,5,15,0,"15"
"he8c","fraxi.cf.penns",15,5,15,0,"15"
"he8c","fraxi.cf.penns",15,5,15,0,"15"
"he8c","fraxi.cf.penns",15,5,15,0,"15"
"he8c","fraxi.cf.penns",15,5,15,0,"15"
"he8c","fraxi.cf.penns",15,5,15,0,"15"
"he8c","fraxi.cf.penns",15,5,15,0,"15"
"he8c","fraxi.cf.penns",15,5,15,0,"15"
"he8c","fraxi.cf.penns",15,5,15,0,"15"
"he8c","fraxi.cf.penns",15,5,15,0,"15"
"he8c","fraxi.cf.penns",15,5,15,0,"15"
"he8c","fraxi.cf.penns",15,5,15,0,"15"
"he8c","fraxi.cf.penns",15,5,15,0,"15"
"he8c","fraxi.cf.penns",15,5,15,0,"15"
"he8c","fraxi.cf.penns",15,5,15,0,"15"
"he8c","fraxi.cf.penns",15,5,15,0,"15"
"he8c","fraxi.cf.penns",15,5,15,0,"15"
"he8c","fraxi.cf.penns",15,5,15,0,"15"
"he8c","fraxi.cf.penns",15,5,15,0,"15"
"he8c","fraxi.cf.penns",15,5,15,0,"15"
"he8c","fraxi.cf.penns",15,5,15,0,"15"
"he8c","fraxi.cf.penns",15,5,15,0,"15"
"he8c","fraxi.cf.penns",15,5,15,0,"15"
"he8c","fraxi.cf.penns",15,5,15,0,"15"
"he8c","fraxi.cf.penns",15,5,15,0,"15"
"he8c","fraxi.cf.penns",15,5,15,0,"15"
"he8c","fraxi.cf.penns",15,6,15,0,"15"
"he8c","fraxi.cf.penns",15,6,15,0,"15"
"he8c","fraxi.cf.penns",15,6,15,0,"15"
"he8c","fraxi.cf.penns",15,6,15,0,"15"
"he8c","fraxi.cf.penns",15,6,15,0,"15"
"he8c","fraxi.cf.penns",15,6,15,0,"15"
"he8c","fraxi.cf.penns",15,6,15,0,"15"
"he8c","fraxi.cf.penns",15,3,15,1,"15"
"he8c","fraxi.cf.penns",25,5,25,0,"25"
"he8c","fraxi.cf.penns",25,5,25,0,"25"
"he8c","fraxi.cf.penns",25,5,25,0,"25"
"he8c","fraxi.cf.penns",25,5,25,0,"25"
"he8c","fraxi.cf.penns",25,5,25,0,"25"
"he8c","fraxi.cf.penns",25,5,25,0,"25"
"he8c","fraxi.cf.penns",25,5,25,0,"25"
"he8c","fraxi.cf.penns",25,6,25,0,"25"
"he8c","fraxi.cf.penns",25,6,25,0,"25"
"he8c","fraxi.cf.penns",25,6,25,0,"25"
"hei2c","fraxi.cf.penns",45,2,45,1,"45+"
"hei2c","fraxi.cf.penns",15,2,15,1,"15"
"hei2c","fraxi.cf.penns",25,2,25,1,"25"
"hei2c","fraxi.cf.penns",15,5,15,0,"15"
"hei2c","fraxi.cf.penns",15,5,15,0,"15"
"hei2c","fraxi.cf.penns",25,4,25,1,"25"
"hei2c","fraxi.cf.penns",25,3,25,1,"25"
"hei2c","fraxi.cf.penns",15,5,15,0,"15"
"hei2c","fraxi.cf.penns",15,5,15,0,"15"
"hei2c","fraxi.cf.penns",15,2,15,1,"15"
"hei2c","fraxi.cf.penns",15,2,15,1,"15"
"hei3e","fraxi.cf.penns",25,5,25,0,"25"
"hei3e","fraxi.cf.penns",35,2,35,1,"35"
"hei3e","fraxi.cf.penns",35,1,35,1,"35"
"hei3e","fraxi.cf.penns",35,1,35,1,"35"
"hei3e","fraxi.cf.penns",65.5,2,55,1,"45+"
"hei3e","fraxi.cf.penns",15,3,15,1,"15"
"hei3e","fraxi.cf.penns",15,5,15,0,"15"
"hei3e","fraxi.cf.penns",15,4,15,1,"15"
"hei3e","fraxi.cf.penns",15,5,15,0,"15"
"ibd1c","fraxi.cf.penns",25,5,25,0,"25"
"ibd1c","fraxi.cf.penns",15,5,15,0,"15"
"ibd1c","fraxi.cf.penns",15,6,15,0,"15"
"ibd2c","fraxi.cf.penns",15,2,15,1,"15"
"ibd3c","fraxi.cf.penns",15,1,15,1,"15"
"ibd3c","fraxi.cf.penns",15,5,15,0,"15"
"ibd3c","fraxi.cf.penns",15,6,15,0,"15"
"ibd4e","fraxi.cf.penns",15,5,15,0,"15"
"ibd5e","fraxi.nigra",15,5,15,0,"15"
"ibd5e","fraxi.cf.penns",15,6,15,0,"15"
"ibd5e","fraxi.cf.penns",15,6,15,0,"15"
"ibd5e","fraxi.cf.penns",15,5,15,0,"15"
"ibd5e","fraxi.cf.penns",35,5,35,0,"35"
"ibd5e","fraxi.cf.penns",45,5,45,0,"45+"
"ibd5e","fraxi.cf.penns",15,5,15,0,"15"
"ibd5e","fraxi.cf.penns",15,5,15,0,"15"
"ibd5e","fraxi.cf.penns",15,5,15,0,"15"
"iro1c","fraxi.cf.penns",15,5,15,0,"15"
"iro1c","fraxi.cf.penns",25,5,25,0,"25"
"iro1c","fraxi.cf.penns",15,5,15,0,"15"
"iro1c","fraxi.cf.penns",15,5,15,0,"15"
"iro1c","fraxi.cf.penns",15,5,15,0,"15"
"iro1c","fraxi.cf.penns",35,5,35,0,"35"
"iro1c","fraxi.cf.penns",15,5,15,0,"15"
"iro1c","fraxi.cf.penns",15,6,15,0,"15"
"iro1c","fraxi.cf.penns",25,6,25,0,"25"
"iro1c","fraxi.cf.penns",15,5,15,0,"15"
"iro1c","fraxi.cf.penns",25,5,25,0,"25"
"iro1c","fraxi.cf.penns",15,5,15,0,"15"
"iro1c","fraxi.cf.penns",15,5,15,0,"15"
"iro1c","fraxi.cf.penns",25,5,25,0,"25"
"iro1c","fraxi.cf.penns",25,5,25,0,"25"
"iro1c","fraxi.cf.penns",15,5,15,0,"15"
"iro1c","fraxi.cf.penns",15,6,15,0,"15"
"iro1c","fraxi.cf.penns",15,6,15,0,"15"
"iro1c","fraxi.cf.penns",15,6,15,0,"15"
"iro1c","fraxi.cf.penns",25,5,25,0,"25"
"iro1c","fraxi.cf.penns",35,5,35,0,"35"
"iro1c","fraxi.cf.penns",15,5,15,0,"15"
"iro1c","fraxi.cf.penns",15,5,15,0,"15"
"iro1c","fraxi.cf.penns",15,5,15,0,"15"
"iro1c","fraxi.cf.penns",15,5,15,0,"15"
"iro1c","fraxi.cf.penns",25,5,25,0,"25"
"iro1c","fraxi.cf.penns",25,5,25,0,"25"
"iro1c","fraxi.cf.penns",15,5,15,0,"15"
"iro1c","fraxi.cf.penns",25,5,25,0,"25"
"iro1c","fraxi.cf.penns",15,5,15,0,"15"
"iro2c","fraxi.cf.penns",15,5,15,0,"15"
"iro2c","fraxi.cf.penns",15,5,15,0,"15"
"iro2c","fraxi.cf.penns",15,5,15,0,"15"
"iro2c","fraxi.cf.penns",15,5,15,0,"15"
"iro2c","fraxi.cf.penns",15,5,15,0,"15"
"iro2c","fraxi.cf.penns",15,5,15,0,"15"
"iro2c","fraxi.cf.penns",15,5,15,0,"15"
"iro2c","fraxi.cf.penns",15,5,15,0,"15"
"iro2c","fraxi.cf.penns",15,5,15,0,"15"
"iro2c","fraxi.cf.penns",15,5,15,0,"15"
"iro2c","fraxi.cf.penns",15,5,15,0,"15"
"iro3c","fraxi.cf.penns",15,6,15,0,"15"
"iro3c","fraxi.cf.penns",25,5,25,0,"25"
"iro3c","fraxi.cf.penns",15,5,15,0,"15"
"iro3c","fraxi.cf.penns",15,1,15,1,"15"
"iro3c","fraxi.cf.penns",15,1,15,1,"15"
"iro3c","fraxi.cf.penns",15,6,15,0,"15"
"iro3c","fraxi.cf.penns",15,5,15,0,"15"
"iro3c","fraxi.cf.penns",15,6,15,0,"15"
"iro3c","fraxi.cf.penns",15,5,15,0,"15"
"iro3c","fraxi.cf.penns",15,5,15,0,"15"
"iro5e","fraxi.cf.penns",25,6,25,0,"25"
"iro6e","fraxi.cf.penns",15,2,15,1,"15"
"la1c","fraxi.cf.penns",15,1,15,1,"15"
"la2c","fraxi.cf.penns",15,5,15,0,"15"
"la3e","fraxi.cf.penns",15,6,15,0,"15"
"la3e","fraxi.cf.penns",15,6,15,0,"15"
"la3e","fraxi.cf.penns",15,5,15,0,"15"
"la3e","fraxi.cf.penns",15,5,15,0,"15"
"la3e","fraxi.cf.penns",15,5,15,0,"15"
"la4e","fraxi.cf.penns",15,6,15,0,"15"
"li12e","fraxi.cf.penns",15,5,15,0,"15"
"li12e","fraxi.cf.penns",15,6,15,0,"15"
"li12e","fraxi.cf.penns",15,5,15,0,"15"
"li12e","fraxi.cf.penns",25,5,25,0,"25"
"li12e","fraxi.cf.penns",15,5,15,0,"15"
"li12e","fraxi.cf.penns",15,5,15,0,"15"
"li12e","fraxi.cf.penns",15,6,15,0,"15"
"li12e","fraxi.cf.penns",15,6,15,0,"15"
"li12e","fraxi.cf.penns",15,6,15,0,"15"
"li12e","fraxi.cf.penns",15,6,15,0,"15"
"li12e","fraxi.cf.penns",25,6,25,0,"25"
"li12e","fraxi.cf.penns",15,2,15,1,"15"
"li12e","fraxi.cf.penns",15,6,15,0,"15"
"li12e","fraxi.cf.penns",15,5,15,0,"15"
"li12e","fraxi.cf.penns",15,6,15,0,"15"
"li12e","fraxi.cf.penns",15,6,15,0,"15"
"li12e","fraxi.cf.penns",15,6,15,0,"15"
"li12e","fraxi.cf.penns",15,6,15,0,"15"
"li14e","fraxi.cf.penns",35,5,35,0,"35"
"li14e","fraxi.cf.penns",15,5,15,0,"15"
"li15e","fraxi.cf.penns",15,5,15,0,"15"
"li15e","fraxi.cf.penns",25,5,25,0,"25"
"li15e","fraxi.cf.penns",25,5,25,0,"25"
"li15e","fraxi.cf.penns",25,5,25,0,"25"
"li16e","fraxi.cf.penns",15,5,15,0,"15"
"li17e","fraxi.cf.penns",15,5,15,0,"15"
"li17e","fraxi.cf.penns",51.5,5,55,0,"45+"
"li17e","fraxi.cf.penns",25,5,25,0,"25"
"li18e","fraxi.cf.penns",15,5,15,0,"15"
"li18e","fraxi.cf.penns",25,5,25,0,"25"
"li18e","fraxi.cf.penns",35,5,35,0,"35"
"li18e","fraxi.cf.penns",35,5,35,0,"35"
"li18e","fraxi.cf.penns",35,5,35,0,"35"
"li18e","fraxi.cf.penns",25,5,25,0,"25"
"li18e","fraxi.cf.penns",15,5,15,0,"15"
"li19e","fraxi.cf.penns",25,6,25,0,"25"
"li1c","fraxi.cf.penns",25,5,25,0,"25"
"li4c","fraxi.cf.penns",35,5,35,0,"35"
"li4c","fraxi.cf.penns",45,5,45,0,"45+"
"li4c","fraxi.nigra",35,5,35,0,"35"
"li5c","fraxi.cf.penns",64,5,55,0,"45+"
"li5c","fraxi.cf.penns",53,5,55,0,"45+"
"li5c","fraxi.cf.penns",25,5,25,0,"25"
"ma2c","fraxi.cf.penns",15,6,15,0,"15"
"ma2c","fraxi.cf.penns",15,5,15,0,"15"
"ma2c","fraxi.cf.penns",15,5,15,0,"15"
"ma2c","fraxi.cf.penns",15,6,15,0,"15"
"ma2c","fraxi.cf.penns",15,6,15,0,"15"
"ma2c","fraxi.cf.penns",45,5,45,0,"45+"
"ma2c","fraxi.cf.penns",15,5,15,0,"15"
"ma2c","fraxi.cf.penns",15,6,15,0,"15"
"ma2c","fraxi.cf.penns",15,5,15,0,"15"
"ma2c","fraxi.cf.penns",15,6,15,0,"15"
"ma2c","fraxi.cf.penns",15,6,15,0,"15"
"ma2c","fraxi.cf.penns",15,6,15,0,"15"
"ma2c","fraxi.cf.penns",25,6,25,0,"25"
"ma2c","fraxi.cf.penns",15,6,15,0,"15"
"ma2c","fraxi.cf.penns",15,5,15,0,"15"
"ma2c","fraxi.cf.penns",15,5,15,0,"15"
"ma2c","fraxi.cf.penns",15,5,15,0,"15"
"ma2c","fraxi.cf.penns",15,5,15,0,"15"
"ma3c","fraxi.cf.penns",15,5,15,0,"15"
"ma3c","fraxi.cf.penns",15,5,15,0,"15"
"ma3c","fraxi.cf.penns",15,5,15,0,"15"
"ma3c","fraxi.cf.penns",15,5,15,0,"15"
"ma3c","fraxi.cf.penns",15,5,15,0,"15"
"ma3c","fraxi.cf.penns",15,5,15,0,"15"
"ma3c","fraxi.cf.penns",15,5,15,0,"15"
"ma3c","fraxi.cf.penns",15,5,15,0,"15"
"ma3c","fraxi.cf.penns",15,5,15,0,"15"
"ma3c","fraxi.cf.penns",15,5,15,0,"15"
"ma3c","fraxi.cf.penns",15,5,15,0,"15"
"ma3c","fraxi.cf.penns",15,5,15,0,"15"
"ma3c","fraxi.cf.penns",15,5,15,0,"15"
"ma3c","fraxi.cf.penns",15,6,15,0,"15"
"ma3c","fraxi.cf.penns",15,6,15,0,"15"
"ma3c","fraxi.cf.penns",25,5,25,0,"25"
"ma3c","fraxi.cf.penns",25,5,25,0,"25"
"ma3c","fraxi.cf.penns",25,5,25,0,"25"
"ma3c","fraxi.cf.penns",25,5,25,0,"25"
"ma3c","fraxi.cf.penns",25,5,25,0,"25"
"ma3c","fraxi.cf.penns",25,5,25,0,"25"
"ma3c","fraxi.cf.penns",25,5,25,0,"25"
"ma3c","fraxi.cf.penns",25,5,25,0,"25"
"ma3c","fraxi.cf.penns",25,5,25,0,"25"
"ma3c","fraxi.cf.penns",25,5,25,0,"25"
"ma3c","fraxi.cf.penns",25,5,25,0,"25"
"ma3c","fraxi.cf.penns",25,5,25,0,"25"
"ma3c","fraxi.cf.penns",25,5,25,0,"25"
"ma3c","fraxi.cf.penns",25,5,25,0,"25"
"ma3c","fraxi.cf.penns",25,5,25,0,"25"
"ma3c","fraxi.cf.penns",25,5,25,0,"25"
"ma3c","fraxi.cf.penns",35,6,35,0,"35"
"ma4e","fraxi.cf.penns",45,2,45,1,"45+"
"ma4e","fraxi.cf.penns",45,2,45,1,"45+"
"ma4e","fraxi.cf.penns",45,3,45,1,"45+"
"ma4e","fraxi.cf.penns",35,6,35,0,"35"
"ma4e","fraxi.cf.penns",35,2,35,1,"35"
"ma4e","fraxi.cf.penns",25,3,25,1,"25"
"ma4e","fraxi.cf.penns",25,3,25,1,"25"
"ma4e","fraxi.cf.penns",25,5,25,0,"25"
"ma4e","fraxi.cf.penns",35,5,35,0,"35"
"ma4e","fraxi.cf.penns",35,4,35,1,"35"
"ma4e","fraxi.cf.penns",35,3,35,1,"35"
"ma4e","fraxi.cf.penns",35,2,35,1,"35"
"ma4e","fraxi.cf.penns",35,2,35,1,"35"
"ma5e","fraxi.cf.penns",15,5,15,0,"15"
"ma5e","fraxi.cf.penns",15,6,15,0,"15"
"ma5e","fraxi.cf.penns",15,6,15,0,"15"
"ma5e","fraxi.cf.penns",15,6,15,0,"15"
"ma5e","fraxi.cf.penns",25,5,25,0,"25"
"ma6e","fraxi.cf.penns",15,6,15,0,"15"
"ma6e","fraxi.cf.penns",15,5,15,0,"15"
"ma6e","fraxi.cf.penns",15,6,15,0,"15"
"ma6e","fraxi.cf.penns",15,5,15,0,"15"
"ma6e","fraxi.cf.penns",15,6,15,0,"15"
"ma6e","fraxi.cf.penns",15,5,15,0,"15"
"ma6e","fraxi.cf.penns",15,6,15,0,"15"
"ma6e","fraxi.cf.penns",15,6,15,0,"15"
"ma6e","fraxi.cf.penns",15,6,15,0,"15"
"ma6e","fraxi.cf.penns",15,5,15,0,"15"
"ma6e","fraxi.cf.penns",15,5,15,0,"15"
"ma6e","fraxi.cf.penns",15,5,15,0,"15"
"ma6e","fraxi.cf.penns",15,5,15,0,"15"
"mtb13c","fraxi.cf.penns",25,1,25,1,"25"
"mtb14c","fraxi.cf.penns",15,1,15,1,"15"
"mtb14c","fraxi.cf.penns",15,1,15,1,"15"
"mtb14c","fraxi.cf.penns",15,4,15,1,"15"
"mtb16e","fraxi.cf.penns",15,3,15,1,"15"
"mtb16e","fraxi.cf.penns",15,1,15,1,"15"
"mtb16e","fraxi.cf.penns",15,2,15,1,"15"
"mtb16e","fraxi.cf.penns",15,5,15,0,"15"
"mtb17e","fraxi.cf.penns",15,3,15,1,"15"
"mtb17e","fraxi.cf.penns",15,6,15,0,"15"
"mtb17e","fraxi.cf.penns",35,5,35,0,"35"
"mtb17e","fraxi.cf.penns",15,5,15,0,"15"
"mtb17e","fraxi.cf.penns",25,5,25,0,"25"
"mtb1c","fraxi.cf.penns",15,6,15,0,"15"
"mtb1c","fraxi.cf.penns",15,4,15,1,"15"
"mtb1c","fraxi.cf.penns",15,3,15,1,"15"
"mtb1c","fraxi.cf.penns",15,4,15,1,"15"
"mtb1c","fraxi.cf.penns",15,3,15,1,"15"
"mtb1c","fraxi.cf.penns",15,3,15,1,"15"
"mtb1c","fraxi.cf.penns",15,3,15,1,"15"
"mtb1c","fraxi.cf.penns",15,5,15,0,"15"
"mtb1c","fraxi.cf.penns",15,3,15,1,"15"
"mtb1c","fraxi.cf.penns",15,5,15,0,"15"
"mtb1c","fraxi.cf.penns",15,3,15,1,"15"
"mtb1c","fraxi.cf.penns",15,5,15,0,"15"
"mtb1c","fraxi.cf.penns",15,4,15,1,"15"
"mtb20e","fraxi.cf.penns",15,3,15,1,"15"
"mtb20e","fraxi.cf.penns",15,2,15,1,"15"
"mtb20e","fraxi.cf.penns",15,2,15,1,"15"
"mtb22e","fraxi.cf.penns",15,2,15,1,"15"
"mtb22e","fraxi.cf.penns",15,2,15,1,"15"
"mtb22e","fraxi.cf.penns",15,2,15,1,"15"
"mtb22e","fraxi.cf.penns",15,2,15,1,"15"
"mtb22e","fraxi.cf.penns",15,2,15,1,"15"
"mtb24e","fraxi.cf.penns",15,5,15,0,"15"
"mtb24e","fraxi.cf.penns",15,5,15,0,"15"
"mtb24e","fraxi.cf.penns",15,5,15,0,"15"
"mtb24e","fraxi.cf.penns",15,6,15,0,"15"
"mtb24e","fraxi.cf.penns",15,5,15,0,"15"
"mtb24e","fraxi.cf.penns",15,5,15,0,"15"
"mtb25e","fraxi.cf.penns",25,2,25,1,"25"
"mtb27e","fraxi.cf.penns",15,2,15,1,"15"
"mtb27e","fraxi.cf.penns",15,5,15,0,"15"
"mtb2c","fraxi.cf.penns",15,6,15,0,"15"
"mtb2c","fraxi.cf.penns",15,4,15,1,"15"
"mtb2c","fraxi.cf.penns",35,3,35,1,"35"
"mtb2c","fraxi.cf.penns",15,6,15,0,"15"
"mtb2c","fraxi.cf.penns",15,5,15,0,"15"
"mtb2c","fraxi.cf.penns",15,3,15,1,"15"
"mtb2c","fraxi.cf.penns",15,3,15,1,"15"
"mtb2c","fraxi.cf.penns",15,5,15,0,"15"
"mtb2c","fraxi.cf.penns",45,5,45,0,"45+"
"mtb2c","fraxi.cf.penns",15,3,15,1,"15"
"mtb4c","fraxi.cf.penns",15,5,15,0,"15"
"mtb4c","fraxi.cf.penns",15,5,15,0,"15"
"mtb4c","fraxi.cf.penns",15,5,15,0,"15"
"mtb4c","fraxi.cf.penns",15,5,15,0,"15"
"mtb4c","fraxi.cf.penns",15,3,15,1,"15"
"mtb5c","fraxi.cf.penns",15,6,15,0,"15"
"mtb5c","fraxi.cf.penns",15,6,15,0,"15"
"mtb6c","fraxi.cf.penns",15,2,15,1,"15"
"mtb6c","fraxi.cf.penns",15,5,15,0,"15"
"mtb6c","fraxi.cf.penns",15,5,15,0,"15"
"mtb6c","fraxi.cf.penns",15,5,15,0,"15"
"mtb6c","fraxi.cf.penns",15,5,15,0,"15"
"mtb6c","fraxi.cf.penns",15,5,15,0,"15"
"mtb6c","fraxi.cf.penns",15,5,15,0,"15"
"mtb6c","fraxi.cf.penns",15,5,15,0,"15"
"mtb6c","fraxi.cf.penns",15,5,15,0,"15"
"mtb6c","fraxi.cf.penns",15,6,15,0,"15"
"mtb6c","fraxi.cf.penns",15,5,15,0,"15"
"mtb6c","fraxi.cf.penns",15,5,15,0,"15"
"mtb6c","fraxi.cf.penns",15,5,15,0,"15"
"mtb6c","fraxi.cf.penns",15,5,15,0,"15"
"mtb7c","fraxi.cf.penns",25,2,25,1,"25"
"mtb7c","fraxi.cf.penns",15,1,15,1,"15"
"mtb8c","fraxi.cf.penns",15,2,15,1,"15"
"mtb8c","fraxi.cf.penns",15,6,15,0,"15"
"mtb8c","fraxi.cf.penns",15,5,15,0,"15"
"mtb8c","fraxi.cf.penns",25,2,25,1,"25"
"mtb9c","fraxi.cf.penns",25,1,25,1,"25"
"mtb9c","fraxi.cf.penns",15,5,15,0,"15"
"mtb9c","fraxi.cf.penns",15,4,15,1,"15"
"mtb9c","fraxi.cf.penns",25,2,25,1,"25"
"mtb9c","fraxi.cf.penns",35,3,35,1,"35"
"mtb9c","fraxi.cf.penns",25,1,25,1,"25"
"mtb9c","fraxi.cf.penns",15,5,15,0,"15"
"mtb9c","fraxi.cf.penns",15,4,15,1,"15"
"mtb9c","fraxi.cf.penns",15,5,15,0,"15"
"per2c","fraxi.cf.penns",15,5,15,0,"15"
"per4e","fraxi.cf.penns",15,1,15,1,"15"
"po1c","fraxi.cf.penns",15,6,15,0,"15"
"po1c","fraxi.cf.penns",15,5,15,0,"15"
"po1c","fraxi.cf.penns",15,6,15,0,"15"
"po1c","fraxi.cf.penns",15,5,15,0,"15"
"po1c","fraxi.cf.penns",15,5,15,0,"15"
"po1c","fraxi.cf.penns",15,5,15,0,"15"
"po2c","fraxi.cf.penns",15,6,15,0,"15"
"po2c","fraxi.cf.penns",15,5,15,0,"15"
"po2c","fraxi.cf.penns",15,5,15,0,"15"
"po2c","fraxi.cf.penns",15,6,15,0,"15"
"po2c","fraxi.cf.penns",15,6,15,0,"15"
"po2c","fraxi.cf.penns",15,5,15,0,"15"
"po2c","fraxi.cf.penns",15,6,15,0,"15"
"po2c","fraxi.cf.penns",15,6,15,0,"15"
"po3c","fraxi.cf.penns",15,6,15,0,"15"
"po3c","fraxi.cf.penns",15,6,15,0,"15"
"po3c","fraxi.cf.penns",15,5,15,0,"15"
"po3c","fraxi.cf.penns",15,5,15,0,"15"
"po3c","fraxi.cf.penns",15,5,15,0,"15"
"po3c","fraxi.cf.penns",15,5,15,0,"15"
"po3c","fraxi.cf.penns",15,5,15,0,"15"
"po3c","fraxi.cf.penns",15,5,15,0,"15"
"po3c","fraxi.cf.penns",15,5,15,0,"15"
"po3c","fraxi.cf.penns",15,5,15,0,"15"
"po3c","fraxi.cf.penns",15,5,15,0,"15"
"po3c","fraxi.cf.penns",15,5,15,0,"15"
"po3c","fraxi.cf.penns",15,5,15,0,"15"
"po3c","fraxi.cf.penns",15,5,15,0,"15"
"po3c","fraxi.cf.penns",15,5,15,0,"15"
"po3c","fraxi.cf.penns",15,5,15,0,"15"
"po3c","fraxi.cf.penns",15,5,15,0,"15"
"po3c","fraxi.cf.penns",15,5,15,0,"15"
"po3c","fraxi.cf.penns",15,5,15,0,"15"
"po4e","fraxi.cf.penns",15,6,15,0,"15"
"po4e","fraxi.cf.penns",15,6,15,0,"15"
"po4e","fraxi.cf.penns",15,6,15,0,"15"
"po4e","fraxi.cf.penns",25,6,25,0,"25"
"po5e","fraxi.cf.penns",25,5,25,0,"25"
"po5e","fraxi.cf.penns",25,5,25,0,"25"
"po5e","fraxi.cf.penns",25,5,25,0,"25"
"po5e","fraxi.cf.penns",15,6,15,0,"15"
"po5e","fraxi.cf.penns",25,5,25,0,"25"
"po5e","fraxi.cf.penns",35,5,35,0,"35"
"po5e","fraxi.cf.penns",35,5,35,0,"35"
"po5e","fraxi.cf.penns",35,5,35,0,"35"
"po5e","fraxi.cf.penns",35,5,35,0,"35"
"po5e","fraxi.cf.penns",35,5,35,0,"35"
"po5e","fraxi.cf.penns",35,5,35,0,"35"
"po5e","fraxi.cf.penns",25,5,25,0,"25"
"po5e","fraxi.cf.penns",25,5,25,0,"25"
"po5e","fraxi.cf.penns",25,5,25,0,"25"
"po5e","fraxi.cf.penns",25,5,25,0,"25"
"po5e","fraxi.cf.penns",15,5,15,0,"15"
"po5e","fraxi.cf.penns",15,6,15,0,"15"
"po5e","fraxi.cf.penns",15,6,15,0,"15"
"po5e","fraxi.cf.penns",25,6,25,0,"25"
"re8e","fraxi.cf.penns",25,5,25,0,"25"
"re8e","fraxi.cf.penns",15,5,15,0,"15"
"re8e","fraxi.cf.penns",15,5,15,0,"15"
"re8e","fraxi.cf.penns",15,5,15,0,"15"
"re8e","fraxi.cf.penns",25,5,25,0,"25"
"ren1c","fraxi.cf.penns",15,6,15,0,"15"
"ren1c","fraxi.cf.penns",15,5,15,0,"15"
"ren1c","fraxi.cf.penns",15,5,15,0,"15"
"ren1c","fraxi.cf.penns",15,5,15,0,"15"
"ren1c","fraxi.cf.penns",15,5,15,0,"15"
"ren1c","fraxi.cf.penns",15,5,15,0,"15"
"ren1c","fraxi.cf.penns",15,5,15,0,"15"
"ren1c","fraxi.cf.penns",15,5,15,0,"15"
"ren1c","fraxi.cf.penns",15,5,15,0,"15"
"ren1c","fraxi.cf.penns",15,5,15,0,"15"
"ren1c","fraxi.cf.penns",15,6,15,0,"15"
"ren1c","fraxi.cf.penns",15,5,15,0,"15"
"ren1c","fraxi.cf.penns",15,5,15,0,"15"
"ren1c","fraxi.cf.penns",15,6,15,0,"15"
"ren1c","fraxi.cf.penns",15,5,15,0,"15"
"ren1c","fraxi.cf.penns",15,5,15,0,"15"
"ren1c","fraxi.cf.penns",15,6,15,0,"15"
"ren1c","fraxi.cf.penns",15,6,15,0,"15"
"ren1c","fraxi.cf.penns",15,5,15,0,"15"
"ren2c","fraxi.cf.penns",15,6,15,0,"15"
"ren2c","fraxi.cf.penns",15,6,15,0,"15"
"ren2c","fraxi.cf.penns",15,6,15,0,"15"
"ren2c","fraxi.cf.penns",15,5,15,0,"15"
"ren2c","fraxi.cf.penns",15,5,15,0,"15"
"ren2c","fraxi.cf.penns",15,6,15,0,"15"
"ren2c","fraxi.cf.penns",15,6,15,0,"15"
"ren2c","fraxi.cf.penns",15,5,15,0,"15"
"ren3c","fraxi.cf.penns",15,5,15,0,"15"
"ren3c","fraxi.cf.penns",15,5,15,0,"15"
"ren3c","fraxi.cf.penns",15,6,15,0,"15"
"ren3c","fraxi.cf.penns",15,6,15,0,"15"
"ren3c","fraxi.cf.penns",15,6,15,0,"15"
"ren3c","fraxi.cf.penns",15,5,15,0,"15"
"ren3c","fraxi.cf.penns",15,5,15,0,"15"
"ren3c","fraxi.cf.penns",15,6,15,0,"15"
"ren3c","fraxi.cf.penns",15,5,15,0,"15"
"ren3c","fraxi.cf.penns",15,5,15,0,"15"
"ren3c","fraxi.cf.penns",15,6,15,0,"15"
"ren3c","fraxi.cf.penns",15,6,15,0,"15"
"ren4e","fraxi.cf.penns",25,5,25,0,"25"
"ren4e","fraxi.cf.penns",15,6,15,0,"15"
"ren4e","fraxi.cf.penns",15,6,15,0,"15"
"ren4e","fraxi.cf.penns",15,5,15,0,"15"
"ren4e","fraxi.cf.penns",15,6,15,0,"15"
"ren4e","fraxi.cf.penns",15,5,15,0,"15"
"ren4e","fraxi.cf.penns",15,5,15,0,"15"
"ren4e","fraxi.cf.penns",15,6,15,0,"15"
"ren4e","fraxi.cf.penns",15,5,15,0,"15"
"ren4e","fraxi.cf.penns",15,5,15,0,"15"
"ren4e","fraxi.cf.penns",15,5,15,0,"15"
"ren4e","fraxi.cf.penns",15,5,15,0,"15"
"ren5e","fraxi.cf.penns",25,6,25,0,"25"
"ren5e","fraxi.cf.penns",25,5,25,0,"25"
"ren5e","fraxi.cf.penns",15,6,15,0,"15"
"ren5e","fraxi.cf.penns",15,6,15,0,"15"
"ren5e","fraxi.cf.penns",15,6,15,0,"15"
"ren5e","fraxi.cf.penns",25,5,25,0,"25"
"ren5e","fraxi.cf.penns",15,5,15,0,"15"
"ren5e","fraxi.cf.penns",25,5,25,0,"25"
"ren5e","fraxi.cf.penns",35,5,35,0,"35"
"ren5e","fraxi.cf.penns",25,5,25,0,"25"
"ren5e","fraxi.cf.penns",15,5,15,0,"15"
"ren5e","fraxi.cf.penns",35,5,35,0,"35"
"ren5e","fraxi.cf.penns",25,5,25,0,"25"
"ren5e","fraxi.cf.penns",15,5,15,0,"15"
"ren5e","fraxi.cf.penns",15,5,15,0,"15"
"ren5e","fraxi.cf.penns",15,5,15,0,"15"
"ren5e","fraxi.cf.penns",25,5,25,0,"25"
"ren5e","fraxi.cf.penns",15,5,15,0,"15"
"ren5e","fraxi.cf.penns",15,5,15,0,"15"
"ren5e","fraxi.cf.penns",25,5,25,0,"25"
"ren5e","fraxi.cf.penns",25,5,25,0,"25"
"ren5e","fraxi.cf.penns",15,5,15,0,"15"
"ren5e","fraxi.cf.penns",15,3,15,1,"15"
"ro10e","fraxi.cf.penns",35,6,35,0,"35"
"ro10e","fraxi.cf.penns",25,5,25,0,"25"
"ro10e","fraxi.cf.penns",25,5,25,0,"25"
"ro10e","fraxi.cf.penns",25,5,25,0,"25"
"ro10e","fraxi.cf.penns",15,5,15,0,"15"
"ro10e","fraxi.cf.penns",15,4,15,1,"15"
"ro10e","fraxi.cf.penns",15,6,15,0,"15"
"ro10e","fraxi.cf.penns",25,5,25,0,"25"
"ro10e","fraxi.cf.penns",15,6,15,0,"15"
"ro10e","fraxi.cf.penns",15,6,15,0,"15"
"ro10e","fraxi.cf.penns",15,6,15,0,"15"
"ro10e","fraxi.cf.penns",15,6,15,0,"15"
"ro10e","fraxi.cf.penns",15,6,15,0,"15"
"ro10e","fraxi.cf.penns",15,6,15,0,"15"
"ro10e","fraxi.cf.penns",15,5,15,0,"15"
"ro10e","fraxi.cf.penns",45,5,45,0,"45+"
"ro10e","fraxi.cf.penns",25,5,25,0,"25"
"ro10e","fraxi.cf.penns",15,5,15,0,"15"
"ro11e","fraxi.cf.penns",25,5,25,0,"25"
"ro11e","fraxi.cf.penns",15,5,15,0,"15"
"ro11e","fraxi.cf.penns",15,6,15,0,"15"
"ro11e","fraxi.nigra",25,5,25,0,"25"
"ro11e","fraxi.cf.penns",25,5,25,0,"25"
"ro11e","fraxi.cf.penns",15,5,15,0,"15"
"ro11e","fraxi.cf.penns",15,5,15,0,"15"
"ro11e","fraxi.cf.penns",51.5,5,55,0,"45+"
"ro11e","fraxi.cf.penns",25,5,25,0,"25"
"ro11e","fraxi.cf.penns",25,5,25,0,"25"
"ro12e","fraxi.cf.penns",15,6,15,0,"15"
"ro12e","fraxi.cf.penns",25,5,25,0,"25"
"ro13e","fraxi.cf.penns",15,5,15,0,"15"
"ro13e","fraxi.cf.penns",15,2,15,1,"15"
"ro13e","fraxi.cf.penns",35,6,35,0,"35"
"ro13e","fraxi.cf.penns",15,6,15,0,"15"
"ro13e","fraxi.cf.penns",15,5,15,0,"15"
"ro13e","fraxi.cf.penns",25,5,25,0,"25"
"ro13e","fraxi.cf.penns",15,6,15,0,"15"
"ro13e","fraxi.cf.penns",15,5,15,0,"15"
"ro13e","fraxi.cf.penns",15,5,15,0,"15"
"ro13e","fraxi.cf.penns",25,5,25,0,"25"
"ro13e","fraxi.cf.penns",15,6,15,0,"15"
"ro13e","fraxi.cf.penns",25,6,25,0,"25"
"ro13e","fraxi.cf.penns",15,5,15,0,"15"
"ro13e","fraxi.cf.penns",25,6,25,0,"25"
"ro13e","fraxi.cf.penns",15,6,15,0,"15"
"ro13e","fraxi.cf.penns",15,5,15,0,"15"
"ro13e","fraxi.cf.penns",15,5,15,0,"15"
"ro13e","fraxi.cf.penns",25,5,25,0,"25"
"ro13e","fraxi.cf.penns",35,5,35,0,"35"
"ro13e","fraxi.cf.penns",25,5,25,0,"25"
"ro13e","fraxi.cf.penns",25,5,25,0,"25"
"ro13e","fraxi.cf.penns",15,6,15,0,"15"
"ro13e","fraxi.cf.penns",15,6,15,0,"15"
"ro13e","fraxi.cf.penns",15,5,15,0,"15"
"ro13e","fraxi.cf.penns",35,5,35,0,"35"
"ro13e","fraxi.cf.penns",15,2,15,1,"15"
"ro13e","fraxi.cf.penns",15,5,15,0,"15"
"ro13e","fraxi.cf.penns",15,5,15,0,"15"
"ro13e","fraxi.cf.penns",35,6,35,0,"35"
"ro14e","fraxi.cf.penns",64,5,55,0,"45+"
"ro14e","fraxi.cf.penns",35,5,35,0,"35"
"ro15e","fraxi.cf.penns",59,5,55,0,"45+"
"ro1c","fraxi.cf.penns",25,5,25,0,"25"
"ro1c","fraxi.cf.penns",25,5,25,0,"25"
"ro1c","fraxi.cf.penns",15,5,15,0,"15"
"ro1c","fraxi.cf.penns",15,6,15,0,"15"
"ro1c","fraxi.cf.penns",15,6,15,0,"15"
"ro1c","fraxi.cf.penns",25,6,25,0,"25"
"ro1c","fraxi.cf.penns",15,6,15,0,"15"
"ro1c","fraxi.cf.penns",15,6,15,0,"15"
"ro1c","fraxi.cf.penns",15,6,15,0,"15"
"ro1c","fraxi.cf.penns",35,5,35,0,"35"
"ro1c","fraxi.cf.penns",15,5,15,0,"15"
"ro1c","fraxi.cf.penns",35,6,35,0,"35"
"ro1c","fraxi.cf.penns",15,5,15,0,"15"
"ro1c","fraxi.cf.penns",25,5,25,0,"25"
"ro1c","fraxi.cf.penns",25,5,25,0,"25"
"ro1c","fraxi.cf.penns",25,5,25,0,"25"
"ro1c","fraxi.cf.penns",15,5,15,0,"15"
"ro1c","fraxi.cf.penns",15,6,15,0,"15"
"ro1c","fraxi.cf.penns",15,6,15,0,"15"
"ro1c","fraxi.cf.penns",15,6,15,0,"15"
"ro1c","fraxi.cf.penns",15,5,15,0,"15"
"ro1c","fraxi.cf.penns",25,5,25,0,"25"
"ro1c","fraxi.cf.penns",15,5,15,0,"15"
"ro1c","fraxi.cf.penns",15,5,15,0,"15"
"ro1c","fraxi.cf.penns",25,5,25,0,"25"
"ro1c","fraxi.cf.penns",15,6,15,0,"15"
"ro1c","fraxi.cf.penns",15,5,15,0,"15"
"ro1c","fraxi.cf.penns",15,6,15,0,"15"
"ro1c","fraxi.cf.penns",15,5,15,0,"15"
"ro1c","fraxi.cf.penns",25,5,25,0,"25"
"ro1c","fraxi.cf.penns",25,5,25,0,"25"
"ro1c","fraxi.cf.penns",25,5,25,0,"25"
"ro1c","fraxi.cf.penns",15,5,15,0,"15"
"ro2c","fraxi.cf.penns",25,6,25,0,"25"
"ro2c","fraxi.cf.penns",25,6,25,0,"25"
"ro2c","fraxi.cf.penns",25,5,25,0,"25"
"ro2c","fraxi.cf.penns",15,6,15,0,"15"
"ro2c","fraxi.cf.penns",15,6,15,0,"15"
"ro3c","fraxi.nigra",25,5,25,0,"25"
"ro4c","fraxi.cf.penns",53,6,55,0,"45+"
"ro4c","fraxi.nigra",15,5,15,0,"15"
"ro4c","fraxi.cf.penns",45,5,45,0,"45+"
"ro4c","fraxi.cf.penns",25,5,25,0,"25"
"ro4c","fraxi.cf.penns",45,6,45,0,"45+"
"ro4c","fraxi.cf.penns",68,5,55,0,"45+"
"ro4c","fraxi.cf.penns",35,5,35,0,"35"
"ro4c","fraxi.cf.penns",45,5,45,0,"45+"
"ro4c","fraxi.cf.penns",35,6,35,0,"35"
"ro5c","fraxi.cf.penns",35,5,35,0,"35"
"ro5c","fraxi.cf.penns",15,5,15,0,"15"
"ro6c","fraxi.cf.penns",25,5,25,0,"25"
"ro6c","fraxi.cf.penns",15,5,15,0,"15"
"ro6c","fraxi.cf.penns",15,3,15,1,"15"
"ro6c","fraxi.cf.penns",25,5,25,0,"25"
"ro6c","fraxi.cf.penns",25,5,25,0,"25"
"ro6c","fraxi.cf.penns",45,5,45,0,"45+"
"ro6c","fraxi.cf.penns",15,5,15,0,"15"
"ro6c","fraxi.cf.penns",25,5,25,0,"25"
"ro7c","fraxi.cf.penns",15,5,15,0,"15"
"ro7c","fraxi.cf.penns",15,5,15,0,"15"
"ro7c","fraxi.cf.penns",15,5,15,0,"15"
"ro7c","fraxi.cf.penns",15,5,15,0,"15"
"ro7c","fraxi.cf.penns",15,5,15,0,"15"
"ro7c","fraxi.cf.penns",15,6,15,0,"15"
"ro7c","fraxi.cf.penns",15,5,15,0,"15"
"ro7c","fraxi.cf.penns",15,5,15,0,"15"
"ro7c","fraxi.cf.penns",15,5,15,0,"15"
"ro7c","fraxi.cf.penns",15,6,15,0,"15"
"ro7c","fraxi.cf.penns",15,6,15,0,"15"
"ro7c","fraxi.cf.penns",15,6,15,0,"15"
"ro7c","fraxi.cf.penns",15,5,15,0,"15"
"ro7c","fraxi.cf.penns",15,5,15,0,"15"
"ro7c","fraxi.cf.penns",25,5,25,0,"25"
"ro7c","fraxi.cf.penns",25,5,25,0,"25"
"ro7c","fraxi.cf.penns",25,5,25,0,"25"
"ro7c","fraxi.cf.penns",25,5,25,0,"25"
"ro7c","fraxi.cf.penns",35,5,35,0,"35"
"sa10e","fraxi.cf.penns",15,5,15,0,"15"
"sa12e","fraxi.cf.penns",15,4,15,1,"15"
"sa13e","fraxi.cf.penns",15,4,15,1,"15"
"sa13e","fraxi.nigra",15,5,15,0,"15"
"sai1e","fraxi.cf.penns",15,6,15,0,"15"
"sai1e","fraxi.cf.penns",15,6,15,0,"15"
"sai1e","fraxi.cf.penns",15,2,15,1,"15"
"sai1e","fraxi.cf.penns",15,5,15,0,"15"
"sai1e","fraxi.cf.penns",15,6,15,0,"15"
"sai1e","fraxi.cf.penns",15,6,15,0,"15"
"sai1e","fraxi.cf.penns",15,6,15,0,"15"
"sai2e","fraxi.cf.penns",15,5,15,0,"15"
"sai2e","fraxi.cf.penns",25,5,25,0,"25"
"sai2e","fraxi.cf.penns",15,1,15,1,"15"
"sai2e","fraxi.cf.penns",15,6,15,0,"15"
"sai2e","fraxi.cf.penns",15,5,15,0,"15"
"sai2e","fraxi.cf.penns",15,5,15,0,"15"
"sai2e","fraxi.cf.penns",15,1,15,1,"15"
"sai2e","fraxi.cf.penns",15,5,15,0,"15"
"sai2e","fraxi.cf.penns",15,5,15,0,"15"
"sai2e","fraxi.cf.penns",25,6,25,0,"25"
"sai2e","fraxi.cf.penns",15,1,15,1,"15"
"sai2e","fraxi.cf.penns",15,6,15,0,"15"
"sai2e","fraxi.cf.penns",15,5,15,0,"15"
"sai2e","fraxi.cf.penns",15,5,15,0,"15"
"sai3e","fraxi.cf.penns",25,5,25,0,"25"
"sai3e","fraxi.cf.penns",45,5,45,0,"45+"
"sai3e","fraxi.cf.penns",35,5,35,0,"35"
"sai3e","fraxi.cf.penns",15,5,15,0,"15"
"sai3e","fraxi.cf.penns",15,2,15,1,"15"
"sai3e","fraxi.cf.penns",25,5,25,0,"25"
"sai3e","fraxi.cf.penns",25,5,25,0,"25"
"sai3e","fraxi.cf.penns",35,5,35,0,"35"
"sai3e","fraxi.cf.penns",15,5,15,0,"15"
"sai3e","fraxi.cf.penns",35,5,35,0,"35"
"se1c","fraxi.cf.penns",35,5,35,0,"35"
"se2c","fraxi.cf.penns",45,5,45,0,"45+"
"se2c","fraxi.cf.penns",45,5,45,0,"45+"
"se2c","fraxi.cf.penns",15,5,15,0,"15"
"se2c","fraxi.cf.penns",15,5,15,0,"15"
"se2c","fraxi.cf.penns",25,5,25,0,"25"
"se2c","fraxi.cf.penns",35,5,35,0,"35"
"se2c","fraxi.cf.penns",15,6,15,0,"15"
"se2c","fraxi.cf.penns",15,5,15,0,"15"
"se2c","fraxi.cf.penns",15,5,15,0,"15"
"se2c","fraxi.cf.penns",15,5,15,0,"15"
"se2c","fraxi.cf.penns",15,5,15,0,"15"
"se2c","fraxi.cf.penns",45,6,45,0,"45+"
"se2c","fraxi.cf.penns",45,5,45,0,"45+"
"se3c","fraxi.cf.penns",15,5,15,0,"15"
"se3c","fraxi.cf.penns",25,5,25,0,"25"
"se3c","fraxi.cf.penns",64.5,5,55,0,"45+"
"se3c","fraxi.cf.penns",15,5,15,0,"15"
"se8e","fraxi.cf.penns",45,5,45,0,"45+"
"se8e","fraxi.cf.penns",54.5,5,55,0,"45+"
"se8e","fraxi.cf.penns",61.5,5,55,0,"45+"
"se8e","fraxi.cf.penns",35,5,35,0,"35"
"se8e","fraxi.cf.penns",45,5,45,0,"45+"
"se8e","fraxi.cf.penns",35,5,35,0,"35"
"se8e","fraxi.cf.penns",35,5,35,0,"35"
"se9e","fraxi.cf.penns",76,5,55,0,"45+"
"se9e","fraxi.cf.penns",35,5,35,0,"35"
"se9e","fraxi.cf.penns",45,6,45,0,"45+"
"se9e","fraxi.cf.penns",35,6,35,0,"35"
"sum1c","fraxi.cf.penns",15,2,15,1,"15"
"sum1c","fraxi.cf.penns",15,3,15,1,"15"
"sum1c","fraxi.cf.penns",15,6,15,0,"15"
"sum1c","fraxi.cf.penns",25,5,25,0,"25"
"sum1c","fraxi.cf.penns",45,5,45,0,"45+"
"sum1c","fraxi.cf.penns",67,5,55,0,"45+"
"sum2c","fraxi.cf.penns",15,1,15,1,"15"
"sum2c","fraxi.cf.penns",15,2,15,1,"15"
"sum2c","fraxi.cf.penns",15,3,15,1,"15"
"sum2c","fraxi.cf.penns",15,3,15,1,"15"
"sum2c","fraxi.cf.penns",15,4,15,1,"15"
"sum2c","fraxi.cf.penns",15,4,15,1,"15"
"sum2c","fraxi.cf.penns",15,4,15,1,"15"
"sum2c","fraxi.cf.penns",15,4,15,1,"15"
"sum2c","fraxi.cf.penns",25,5,25,0,"25"
"sum2c","fraxi.cf.penns",25,6,25,0,"25"
"sum2c","fraxi.cf.penns",35,5,35,0,"35"
"sum2c","fraxi.cf.penns",35,5,35,0,"35"
"sum2c","fraxi.cf.penns",35,5,35,0,"35"
"sum2c","fraxi.cf.penns",45,5,45,0,"45+"
"sum4c","fraxi.cf.penns",15,1,15,1,"15"
"sum4c","fraxi.cf.penns",15,5,15,0,"15"
"sum4c","fraxi.cf.penns",15,5,15,0,"15"
"sum4c","fraxi.cf.penns",15,5,15,0,"15"
"sum4c","fraxi.cf.penns",15,5,15,0,"15"
"sum4c","fraxi.cf.penns",25,5,25,0,"25"
"sum4c","fraxi.cf.penns",25,5,25,0,"25"
"sum5e","fraxi.cf.penns",15,5,15,0,"15"
"sum5e","fraxi.cf.penns",15,5,15,0,"15"
"sum5e","fraxi.cf.penns",15,5,15,0,"15"
"sum5e","fraxi.cf.penns",25,3,25,1,"25"
"sum5e","fraxi.cf.penns",25,5,25,0,"25"
"sum5e","fraxi.cf.penns",25,5,25,0,"25"
"sum6e","fraxi.cf.penns",15,5,15,0,"15"
"sum6e","fraxi.cf.penns",15,5,15,0,"15"
"sum6e","fraxi.cf.penns",15,5,15,0,"15"
"sum6e","fraxi.cf.penns",15,5,15,0,"15"
"sum6e","fraxi.cf.penns",15,5,15,0,"15"
"sum7e","fraxi.cf.penns",15,5,15,0,"15"
"sum8e","fraxi.cf.penns",15,5,15,0,"15"
"sum8e","fraxi.cf.penns",15,5,15,0,"15"
"sum8e","fraxi.cf.penns",15,5,15,0,"15"
"te2c","fraxi.cf.penns",15,6,15,0,"15"
"te2c","fraxi.cf.penns",15,6,15,0,"15"
"te2c","fraxi.cf.penns",15,5,15,0,"15"
"te2c","fraxi.cf.penns",15,5,15,0,"15"
"te2c","fraxi.cf.penns",15,6,15,0,"15"
"te2c","fraxi.cf.penns",15,6,15,0,"15"
"te2c","fraxi.cf.penns",25,6,25,0,"25"
"te2c","fraxi.cf.penns",15,6,15,0,"15"
"te2c","fraxi.cf.penns",15,5,15,0,"15"
"te2c","fraxi.cf.penns",15,6,15,0,"15"
"te2c","fraxi.cf.penns",15,6,15,0,"15"
"te2c","fraxi.cf.penns",15,6,15,0,"15"
"te2c","fraxi.cf.penns",15,6,15,0,"15"
"te2c","fraxi.cf.penns",15,6,15,0,"15"
"te2c","fraxi.cf.penns",25,6,25,0,"25"
"te2c","fraxi.cf.penns",15,6,15,0,"15"
"te3c","fraxi.cf.penns",45,5,45,0,"45+"
"te4c","fraxi.cf.penns",15,6,15,0,"15"
"te4c","fraxi.cf.penns",15,5,15,0,"15"
"te4c","fraxi.cf.penns",15,5,15,0,"15"
"te4c","fraxi.cf.penns",15,5,15,0,"15"
"te4c","fraxi.cf.penns",15,5,15,0,"15"
"te4c","fraxi.cf.penns",15,6,15,0,"15"
"te4c","fraxi.cf.penns",15,5,15,0,"15"
"te4c","fraxi.cf.penns",15,6,15,0,"15"
"te4c","fraxi.cf.penns",15,5,15,0,"15"
"te4c","fraxi.cf.penns",15,5,15,0,"15"
"te4c","fraxi.cf.penns",15,6,15,0,"15"
"te4c","fraxi.cf.penns",15,5,15,0,"15"
"te4c","fraxi.cf.penns",15,5,15,0,"15"
"te4c","fraxi.cf.penns",15,6,15,0,"15"
"te4c","fraxi.cf.penns",15,6,15,0,"15"
"te4c","fraxi.cf.penns",15,6,15,0,"15"
"te4c","fraxi.cf.penns",15,6,15,0,"15"
"te4c","fraxi.cf.penns",15,6,15,0,"15"
"te4c","fraxi.cf.penns",25,6,25,0,"25"
"te4c","fraxi.cf.penns",15,6,15,0,"15"
"te4c","fraxi.cf.penns",25,5,25,0,"25"
"te4c","fraxi.cf.penns",25,5,25,0,"25"
"te4c","fraxi.cf.penns",25,6,25,0,"25"
"te4c","fraxi.cf.penns",25,6,25,0,"25"
"te4c","fraxi.cf.penns",25,5,25,0,"25"
"te5c","fraxi.cf.penns",25,6,25,0,"25"
"te5c","fraxi.cf.penns",25,6,25,0,"25"
"te5c","fraxi.cf.penns",25,6,25,0,"25"
"te5c","fraxi.cf.penns",15,6,15,0,"15"
"te8e","fraxi.cf.penns",15,5,15,0,"15"
"te8e","fraxi.cf.penns",15,6,15,0,"15"
"te8e","fraxi.cf.penns",35,5,35,0,"35"
"te8e","fraxi.cf.penns",25,5,25,0,"25"
"te8e","fraxi.cf.penns",15,5,15,0,"15"
"te8e","fraxi.cf.penns",15,5,15,0,"15"
"te8e","fraxi.cf.penns",15,5,15,0,"15"
"wil1c","fraxi.cf.penns",25,6,25,0,"25"
"wil1c","fraxi.cf.penns",15,5,15,0,"15"
"wil2c","fraxi.cf.penns",15,5,15,0,"15"
"wil2c","fraxi.cf.penns",35,6,35,0,"35"
"wil2c","fraxi.cf.penns",15,5,15,0,"15"
"wil2c","fraxi.cf.penns",15,5,15,0,"15"
"wil2c","fraxi.cf.penns",25,5,25,0,"25"
"wil2c","fraxi.cf.penns",15,5,15,0,"15"
"wil2c","fraxi.cf.penns",15,5,15,0,"15"
"wil2c","fraxi.cf.penns",35,6,35,0,"35"
"wil2c","fraxi.cf.penns",25,5,25,0,"25"
"wil2c","fraxi.cf.penns",25,5,25,0,"25"
"wil2c","fraxi.cf.penns",25,5,25,0,"25"
"wil2c","fraxi.cf.penns",25,5,25,0,"25"
"wil2c","fraxi.cf.penns",15,5,15,0,"15"
"wil2c","fraxi.cf.penns",15,5,15,0,"15"
