"sitesCode","DBH","Health"
"aj11e","10-20",5
"aj11e","10-20",5
"aj11e","10-20",5
"aj11e","10-20",5
"aj11e","10-20",5
"aj11e","10-20",5
"aj11e","10-20",5
"aj11e","10-20",5
"aj11e","10-20",5
"aj11e","10-20",5
"aj11e","10-20",5
"aj11e","10-20",5
"aj11e","10-20",5
"aj11e","10-20",5
"aj11e","10-20",5
"aj11e","10-20",5
"aj11e","10-20",5
"aj11e","10-20",5
"aj11e","10-20",5
"aj11e","10-20",3
"aj11e","21-30",5
"aj11e","21-30",5
"aj11e","21-30",5
"aj12eXYZ","10-20",5
"aj12eXYZ","10-20",5
"aj12eXYZ","10-20",5
"aj12eXYZ","10-20",5
"aj12eXYZ","10-20",5
"aj12eXYZ","10-20",5
"aj12eXYZ","10-20",5
"aj12eXYZ","10-20",5
"aj12eXYZ","10-20",5
"aj12eXYZ","10-20",5
"aj12eXYZ","10-20",5
"aj12eXYZ","10-20",5
"aj12eXYZ","10-20",5
"aj12eXYZ","21-30",5
"aj12eXYZ","21-30",5
"aj13e","10-20",5
"aj13e","10-20",5
"aj13e","10-20",5
"aj13e","10-20",5
"aj13e","10-20",5
"aj13e","10-20",5
"aj13e","10-20",5
"aj13e","10-20",5
"aj13e","21-30",5
"aj13e","21-30",5
"aj13e","21-30",5
"aj13e","31-40",5
"aj2c","31-40",5
"aj2c","10-20",5
"aj2c","10-20",5
"aj2c","10-20",5
"aj2c","21-30",5
"aj2c","10-20",5
"aj2c","10-20",5
"aj2c","21-30",5
"aj2c","10-20",5
"aj2c","10-20",5
"aj2c","10-20",5
"aj2c","10-20",5
"aj2c","10-20",5
"aj2c","10-20",5
"aj2c","10-20",5
"aj2c","10-20",5
"aj2c","21-30",5
"aj2c","10-20",5
"aj2c","10-20",5
"aj3c","21-30",5
"aj3c","21-30",5
"aj3c","31-40",5
"aj4c","31-40",5
"aj4c","31-40",5
"aj4c","10-20",5
"aj4c","21-30",5
"aj4c","10-20",5
"aj4c","10-20",5
"aj4c","10-20",5
"aj5c","10-20",5
"aj5c","10-20",5
"aj5c","10-20",5
"aj5c","10-20",5
"aj5c","10-20",5
"aj5c","21-30",5
"aj5c","10-20",5
"aj5c","21-30",5
"aj5c","10-20",5
"aj5c","10-20",5
"aj5c","31-40",5
"aj5c","10-20",5
"aj5c","10-20",5
"aj5c","21-30",5
"aj5c","21-30",5
"aj6c","21-30",5
"aj6c","10-20",5
"aj6c","10-20",5
"aj6c","21-30",5
"aj6c","10-20",5
"aj6c","10-20",5
"aj6c","10-20",5
"aj6c","10-20",5
"aj6c","10-20",5
"aj6c","10-20",5
"aj6c","10-20",5
"aj6c","10-20",5
"aj6c","10-20",5
"aj6c","10-20",5
"aj6c","10-20",5
"aj6c","31-40",5
"aj6c","10-20",5
"aj6c","10-20",5
"aj6c","10-20",5
"aj6c","21-30",5
"aj6c","21-30",5
"aj6c","21-30",5
"aj6c","10-20",5
"aj6c","10-20",5
"aj6c","10-20",5
"aj6c","10-20",5
"aj6c","21-30",5
"aj6c","10-20",5
"aj6c","10-20",5
"aj6c","10-20",5
"aj6c","10-20",5
"aj6c","10-20",5
"aj6c","21-30",5
"aj6c","10-20",5
"aj6c","10-20",5
"aj6c","10-20",5
"aj6c","10-20",5
"aj6c","10-20",5
"aj6c","10-20",5
"aj6c","10-20",5
"aj6c","10-20",5
"aj6c","21-30",5
"aj6c","10-20",5
"aj6c","10-20",5
"aj6c","10-20",5
"aj6c","10-20",5
"aj6c","10-20",5
"aj6c","10-20",5
"aj6c","21-30",5
"aj6c","31-40",5
"aj6c","10-20",5
"aj6c","10-20",5
"aj7c","10-20",5
"aj7c","10-20",5
"aj7c","10-20",5
"aj7c","10-20",5
"aj7c","10-20",5
"aj7c","10-20",5
"aj7c","10-20",5
"aj7c","10-20",5
"aj7c","10-20",5
"aj7c","10-20",5
"aj7c","21-30",5
"aj7c","21-30",5
"aj7c","31-40",5
"aj7c","31-40",5
"aj8e","10-20",5
"aj8e","10-20",5
"aj8e","10-20",5
"aj8e","21-30",5
"aj8e","10-20",5
"aj8e","21-30",5
"an11e","10-20",3
"an11e","10-20",6
"an11e","10-20",5
"an12e","10-20",6
"an12e","10-20",4
"an12e","10-20",5
"an12e","10-20",5
"an13e","10-20",1
"an13e","10-20",3
"an1c","10-20",2
"an4c","10-20",6
"an4c","10-20",5
"an4c","10-20",5
"an4c","10-20",6
"an4c","10-20",4
"an5c","21-30",5
"an5c","41+",5
"an7c","21-30",5
"an8e","21-30",5
"an8e","31-40",5
"an8e","31-40",5
"an8e","31-40",5
"an9e","10-20",4
"an9e","31-40",5
"an9e","41+",5
"arb1c","31-40",5
"arb1c","10-20",4
"arb2c","21-30",5
"arb2c","21-30",5
"arb2c","10-20",5
"arb2c","10-20",5
"arb3c","21-30",5
"arb3c","21-30",5
"arb3c","21-30",5
"arb3c","21-30",5
"arb3c","21-30",6
"arb3c","10-20",5
"arb4e","41+",5
"arb4e","10-20",5
"arb4e","21-30",5
"arb4e","10-20",5
"arb4e","10-20",5
"arb4e","10-20",6
"arb5e","10-20",5
"arb5e","21-30",5
"arb5e","10-20",5
"arb5e","10-20",5
"arb5e","10-20",5
"arb5e","21-30",5
"arb5e","10-20",5
"arb5e","10-20",5
"arb5e","21-30",5
"arb5e","31-40",5
"arb5e","10-20",5
"arb5e","10-20",5
"arb5e","10-20",5
"arb5e","10-20",5
"bea3e","21-30",5
"bea4e","10-20",1
"bea4e","31-40",5
"bea5e","10-20",5
"ce1c","21-30",6
"ce1c","10-20",6
"ce1c","10-20",5
"ce5e","21-30",5
"ce5e","41+",5
"ce5e","41+",5
"ce5e","31-40",5
"ce5e","10-20",1
"ce5e","10-20",3
"ce5e","41+",5
"ce5e","31-40",5
"ce5e","10-20",3
"ce5e","21-30",5
"ce5e","31-40",5
"ce6e","31-40",5
"ce6e","21-30",5
"ce6e","21-30",5
"ce6e","31-40",5
"ce6e","41+",5
"fla2c","10-20",5
"fla2c","10-20",5
"fla2c","10-20",5
"fla2c","10-20",5
"fla3c","10-20",5
"fla3c","10-20",5
"fla3c","10-20",5
"fla3c","10-20",5
"fla3c","10-20",5
"fla5e","31-40",5
"fla5e","10-20",5
"fla5e","10-20",5
"flb1c","10-20",6
"flb1c","10-20",5
"flb1c","10-20",5
"flb1c","10-20",5
"flb1c","10-20",5
"flb1c","10-20",5
"flb1c","10-20",4
"flb1c","10-20",4
"flb2c","10-20",5
"flb2c","10-20",2
"flb2c","10-20",5
"flb2c","10-20",5
"flb2c","10-20",3
"flb2c","10-20",6
"flb2c","21-30",5
"flb2c","10-20",5
"flb2c","10-20",5
"flb2c","21-30",5
"flb2c","10-20",2
"flb2c","10-20",1
"flb2c","21-30",5
"flb3c","10-20",6
"flb3c","21-30",5
"flb3c","10-20",6
"flb3c","21-30",6
"flb3c","10-20",6
"flb5e","10-20",5
"flb5e","10-20",5
"flb5e","10-20",6
"flb5e","10-20",5
"flb5e","10-20",6
"flb5e","10-20",6
"flb5e","10-20",5
"flb5e","10-20",5
"flb5e","10-20",5
"flb5e","10-20",5
"flb5e","10-20",4
"flb5e","10-20",6
"flb5e","21-30",6
"flb5e","21-30",5
"flb5e","21-30",4
"flb6e","10-20",6
"flb6e","10-20",5
"flb6e","10-20",2
"flb8e","10-20",6
"flb8e","21-30",6
"flb8e","21-30",5
"flb8e","10-20",5
"gra1c","31-40",5
"gra1c","10-20",5
"gra1c","21-30",5
"gra1c","21-30",5
"gra1c","10-20",5
"gra1c","21-30",5
"gra1c","21-30",5
"gra1c","10-20",5
"gra1c","10-20",5
"gra4e","31-40",5
"gra4e","21-30",5
"he12e","10-20",5
"he14e","10-20",5
"he14e","10-20",6
"he14e","10-20",5
"he14e","10-20",5
"he14e","10-20",5
"he14e","10-20",5
"he14e","10-20",5
"he14e","10-20",5
"he14e","10-20",6
"he14e","10-20",6
"he14e","10-20",6
"he14e","10-20",5
"he2c","10-20",5
"he2c","10-20",5
"he2c","10-20",5
"he2c","10-20",5
"he2c","10-20",3
"he2c","10-20",5
"he4c","10-20",6
"he4c","10-20",5
"he4c","10-20",5
"he4c","10-20",5
"he4c","10-20",5
"he4c","10-20",5
"he4c","10-20",5
"he4c","21-30",5
"he4c","21-30",5
"he4c","21-30",5
"he4c","21-30",5
"he4c","21-30",5
"he4c","21-30",5
"he4c","21-30",5
"he4c","21-30",5
"he4c","21-30",5
"he4c","21-30",5
"he4c","21-30",5
"he4c","21-30",5
"he4c","31-40",5
"he4c","31-40",5
"he4c","31-40",5
"he4c","41+",5
"he4c","41+",5
"he5c","10-20",5
"he5c","10-20",2
"he7c","10-20",6
"he7c","10-20",5
"he7c","10-20",5
"he7c","10-20",5
"he8c","10-20",5
"he8c","10-20",5
"he8c","10-20",5
"he8c","10-20",5
"he8c","10-20",5
"he8c","10-20",5
"he8c","10-20",5
"he8c","10-20",5
"he8c","10-20",5
"he8c","10-20",5
"he8c","10-20",5
"he8c","10-20",5
"he8c","10-20",5
"he8c","10-20",5
"he8c","10-20",5
"he8c","10-20",5
"he8c","10-20",5
"he8c","10-20",5
"he8c","10-20",5
"he8c","10-20",5
"he8c","10-20",5
"he8c","10-20",5
"he8c","10-20",5
"he8c","10-20",5
"he8c","10-20",5
"he8c","10-20",5
"he8c","10-20",5
"he8c","10-20",6
"he8c","10-20",6
"he8c","10-20",6
"he8c","10-20",6
"he8c","10-20",6
"he8c","10-20",6
"he8c","10-20",6
"he8c","10-20",3
"he8c","21-30",5
"he8c","21-30",5
"he8c","21-30",5
"he8c","21-30",5
"he8c","21-30",5
"he8c","21-30",5
"he8c","21-30",5
"he8c","21-30",6
"he8c","21-30",6
"he8c","21-30",6
"hei2c","41+",2
"hei2c","10-20",2
"hei2c","21-30",2
"hei2c","10-20",5
"hei2c","10-20",5
"hei2c","21-30",4
"hei2c","21-30",3
"hei2c","10-20",5
"hei2c","10-20",5
"hei2c","10-20",2
"hei2c","10-20",2
"hei3e","21-30",5
"hei3e","31-40",2
"hei3e","31-40",1
"hei3e","31-40",1
"hei3e","41+",2
"hei3e","10-20",3
"hei3e","10-20",5
"hei3e","10-20",4
"hei3e","10-20",5
"ibd1c","21-30",5
"ibd1c","10-20",5
"ibd1c","10-20",6
"ibd2c","10-20",2
"ibd3c","10-20",1
"ibd3c","10-20",5
"ibd3c","10-20",6
"ibd4e","10-20",5
"ibd5e","10-20",5
"ibd5e","10-20",6
"ibd5e","10-20",6
"ibd5e","10-20",5
"ibd5e","31-40",5
"ibd5e","41+",5
"ibd5e","10-20",5
"ibd5e","10-20",5
"ibd5e","10-20",5
"iro1c","10-20",5
"iro1c","21-30",5
"iro1c","10-20",5
"iro1c","10-20",5
"iro1c","10-20",5
"iro1c","31-40",5
"iro1c","10-20",5
"iro1c","10-20",6
"iro1c","21-30",6
"iro1c","10-20",5
"iro1c","21-30",5
"iro1c","10-20",5
"iro1c","10-20",5
"iro1c","21-30",5
"iro1c","21-30",5
"iro1c","10-20",5
"iro1c","10-20",6
"iro1c","10-20",6
"iro1c","10-20",6
"iro1c","21-30",5
"iro1c","31-40",5
"iro1c","10-20",5
"iro1c","10-20",5
"iro1c","10-20",5
"iro1c","10-20",5
"iro1c","21-30",5
"iro1c","21-30",5
"iro1c","10-20",5
"iro1c","21-30",5
"iro1c","10-20",5
"iro2c","10-20",5
"iro2c","10-20",5
"iro2c","10-20",5
"iro2c","10-20",5
"iro2c","10-20",5
"iro2c","10-20",5
"iro2c","10-20",5
"iro2c","10-20",5
"iro2c","10-20",5
"iro2c","10-20",5
"iro2c","10-20",5
"iro3c","10-20",6
"iro3c","21-30",5
"iro3c","10-20",5
"iro3c","10-20",1
"iro3c","10-20",1
"iro3c","10-20",6
"iro3c","10-20",5
"iro3c","10-20",6
"iro3c","10-20",5
"iro3c","10-20",5
"iro5e","21-30",6
"iro6e","10-20",2
"la1c","10-20",1
"la2c","10-20",5
"la3e","10-20",6
"la3e","10-20",6
"la3e","10-20",5
"la3e","10-20",5
"la3e","10-20",5
"la4e","10-20",6
"li12e","10-20",5
"li12e","10-20",6
"li12e","10-20",5
"li12e","21-30",5
"li12e","10-20",5
"li12e","10-20",5
"li12e","10-20",6
"li12e","10-20",6
"li12e","10-20",6
"li12e","10-20",6
"li12e","21-30",6
"li12e","10-20",2
"li12e","10-20",6
"li12e","10-20",5
"li12e","10-20",6
"li12e","10-20",6
"li12e","10-20",6
"li12e","10-20",6
"li14e","31-40",5
"li14e","10-20",5
"li15e","10-20",5
"li15e","21-30",5
"li15e","21-30",5
"li15e","21-30",5
"li16e","10-20",5
"li17e","10-20",5
"li17e","41+",5
"li17e","21-30",5
"li18e","10-20",5
"li18e","21-30",5
"li18e","31-40",5
"li18e","31-40",5
"li18e","31-40",5
"li18e","21-30",5
"li18e","10-20",5
"li19e","21-30",6
"li1c","21-30",5
"li4c","31-40",5
"li4c","41+",5
"li4c","31-40",5
"li5c","41+",5
"li5c","41+",5
"li5c","21-30",5
"ma2c","10-20",6
"ma2c","10-20",5
"ma2c","10-20",5
"ma2c","10-20",6
"ma2c","10-20",6
"ma2c","41+",5
"ma2c","10-20",5
"ma2c","10-20",6
"ma2c","10-20",5
"ma2c","10-20",6
"ma2c","10-20",6
"ma2c","10-20",6
"ma2c","21-30",6
"ma2c","10-20",6
"ma2c","10-20",5
"ma2c","10-20",5
"ma2c","10-20",5
"ma2c","10-20",5
"ma3c","10-20",5
"ma3c","10-20",5
"ma3c","10-20",5
"ma3c","10-20",5
"ma3c","10-20",5
"ma3c","10-20",5
"ma3c","10-20",5
"ma3c","10-20",5
"ma3c","10-20",5
"ma3c","10-20",5
"ma3c","10-20",5
"ma3c","10-20",5
"ma3c","10-20",5
"ma3c","10-20",6
"ma3c","10-20",6
"ma3c","21-30",5
"ma3c","21-30",5
"ma3c","21-30",5
"ma3c","21-30",5
"ma3c","21-30",5
"ma3c","21-30",5
"ma3c","21-30",5
"ma3c","21-30",5
"ma3c","21-30",5
"ma3c","21-30",5
"ma3c","21-30",5
"ma3c","21-30",5
"ma3c","21-30",5
"ma3c","21-30",5
"ma3c","21-30",5
"ma3c","21-30",5
"ma3c","31-40",6
"ma4e","41+",2
"ma4e","41+",2
"ma4e","41+",3
"ma4e","31-40",6
"ma4e","31-40",2
"ma4e","21-30",3
"ma4e","21-30",3
"ma4e","21-30",5
"ma4e","31-40",5
"ma4e","31-40",4
"ma4e","31-40",3
"ma4e","31-40",2
"ma4e","31-40",2
"ma5e","10-20",5
"ma5e","10-20",6
"ma5e","10-20",6
"ma5e","10-20",6
"ma5e","21-30",5
"ma6e","10-20",6
"ma6e","10-20",5
"ma6e","10-20",6
"ma6e","10-20",5
"ma6e","10-20",6
"ma6e","10-20",5
"ma6e","10-20",6
"ma6e","10-20",6
"ma6e","10-20",6
"ma6e","10-20",5
"ma6e","10-20",5
"ma6e","10-20",5
"ma6e","10-20",5
"mtb13c","21-30",1
"mtb14c","10-20",1
"mtb14c","10-20",1
"mtb14c","10-20",4
"mtb16e","10-20",3
"mtb16e","10-20",1
"mtb16e","10-20",2
"mtb16e","10-20",5
"mtb17e","10-20",3
"mtb17e","10-20",6
"mtb17e","31-40",5
"mtb17e","10-20",5
"mtb17e","21-30",5
"mtb1c","10-20",6
"mtb1c","10-20",4
"mtb1c","10-20",3
"mtb1c","10-20",4
"mtb1c","10-20",3
"mtb1c","10-20",3
"mtb1c","10-20",3
"mtb1c","10-20",5
"mtb1c","10-20",3
"mtb1c","10-20",5
"mtb1c","10-20",3
"mtb1c","10-20",5
"mtb1c","10-20",4
"mtb20e","10-20",3
"mtb20e","10-20",2
"mtb20e","10-20",2
"mtb22e","10-20",2
"mtb22e","10-20",2
"mtb22e","10-20",2
"mtb22e","10-20",2
"mtb22e","10-20",2
"mtb24e","10-20",5
"mtb24e","10-20",5
"mtb24e","10-20",5
"mtb24e","10-20",6
"mtb24e","10-20",5
"mtb24e","10-20",5
"mtb25e","21-30",2
"mtb27e","10-20",2
"mtb27e","10-20",5
"mtb2c","10-20",6
"mtb2c","10-20",4
"mtb2c","31-40",3
"mtb2c","10-20",6
"mtb2c","10-20",5
"mtb2c","10-20",3
"mtb2c","10-20",3
"mtb2c","10-20",5
"mtb2c","41+",5
"mtb2c","10-20",3
"mtb4c","10-20",5
"mtb4c","10-20",5
"mtb4c","10-20",5
"mtb4c","10-20",5
"mtb4c","10-20",3
"mtb5c","10-20",6
"mtb5c","10-20",6
"mtb6c","10-20",2
"mtb6c","10-20",5
"mtb6c","10-20",5
"mtb6c","10-20",5
"mtb6c","10-20",5
"mtb6c","10-20",5
"mtb6c","10-20",5
"mtb6c","10-20",5
"mtb6c","10-20",5
"mtb6c","10-20",6
"mtb6c","10-20",5
"mtb6c","10-20",5
"mtb6c","10-20",5
"mtb6c","10-20",5
"mtb7c","21-30",2
"mtb7c","10-20",1
"mtb8c","10-20",2
"mtb8c","10-20",6
"mtb8c","10-20",5
"mtb8c","21-30",2
"mtb9c","21-30",1
"mtb9c","10-20",5
"mtb9c","10-20",4
"mtb9c","21-30",2
"mtb9c","31-40",3
"mtb9c","21-30",1
"mtb9c","10-20",5
"mtb9c","10-20",4
"mtb9c","10-20",5
"per2c","10-20",5
"per4e","10-20",1
"po1c","10-20",6
"po1c","10-20",5
"po1c","10-20",6
"po1c","10-20",5
"po1c","10-20",5
"po1c","10-20",5
"po2c","10-20",6
"po2c","10-20",5
"po2c","10-20",5
"po2c","10-20",6
"po2c","10-20",6
"po2c","10-20",5
"po2c","10-20",6
"po2c","10-20",6
"po3c","10-20",6
"po3c","10-20",6
"po3c","10-20",5
"po3c","10-20",5
"po3c","10-20",5
"po3c","10-20",5
"po3c","10-20",5
"po3c","10-20",5
"po3c","10-20",5
"po3c","10-20",5
"po3c","10-20",5
"po3c","10-20",5
"po3c","10-20",5
"po3c","10-20",5
"po3c","10-20",5
"po3c","10-20",5
"po3c","10-20",5
"po3c","10-20",5
"po3c","10-20",5
"po4e","10-20",6
"po4e","10-20",6
"po4e","10-20",6
"po4e","21-30",6
"po5e","21-30",5
"po5e","21-30",5
"po5e","21-30",5
"po5e","10-20",6
"po5e","21-30",5
"po5e","31-40",5
"po5e","31-40",5
"po5e","31-40",5
"po5e","31-40",5
"po5e","31-40",5
"po5e","31-40",5
"po5e","21-30",5
"po5e","21-30",5
"po5e","21-30",5
"po5e","21-30",5
"po5e","10-20",5
"po5e","10-20",6
"po5e","10-20",6
"po5e","21-30",6
"re8e","21-30",5
"re8e","10-20",5
"re8e","10-20",5
"re8e","10-20",5
"re8e","21-30",5
"ren1c","10-20",6
"ren1c","10-20",5
"ren1c","10-20",5
"ren1c","10-20",5
"ren1c","10-20",5
"ren1c","10-20",5
"ren1c","10-20",5
"ren1c","10-20",5
"ren1c","10-20",5
"ren1c","10-20",5
"ren1c","10-20",6
"ren1c","10-20",5
"ren1c","10-20",5
"ren1c","10-20",6
"ren1c","10-20",5
"ren1c","10-20",5
"ren1c","10-20",6
"ren1c","10-20",6
"ren1c","10-20",5
"ren2c","10-20",6
"ren2c","10-20",6
"ren2c","10-20",6
"ren2c","10-20",5
"ren2c","10-20",5
"ren2c","10-20",6
"ren2c","10-20",6
"ren2c","10-20",5
"ren3c","10-20",5
"ren3c","10-20",5
"ren3c","10-20",6
"ren3c","10-20",6
"ren3c","10-20",6
"ren3c","10-20",5
"ren3c","10-20",5
"ren3c","10-20",6
"ren3c","10-20",5
"ren3c","10-20",5
"ren3c","10-20",6
"ren3c","10-20",6
"ren4e","21-30",5
"ren4e","10-20",6
"ren4e","10-20",6
"ren4e","10-20",5
"ren4e","10-20",6
"ren4e","10-20",5
"ren4e","10-20",5
"ren4e","10-20",6
"ren4e","10-20",5
"ren4e","10-20",5
"ren4e","10-20",5
"ren4e","10-20",5
"ren5e","21-30",6
"ren5e","21-30",5
"ren5e","10-20",6
"ren5e","10-20",6
"ren5e","10-20",6
"ren5e","21-30",5
"ren5e","10-20",5
"ren5e","21-30",5
"ren5e","31-40",5
"ren5e","21-30",5
"ren5e","10-20",5
"ren5e","31-40",5
"ren5e","21-30",5
"ren5e","10-20",5
"ren5e","10-20",5
"ren5e","10-20",5
"ren5e","21-30",5
"ren5e","10-20",5
"ren5e","10-20",5
"ren5e","21-30",5
"ren5e","21-30",5
"ren5e","10-20",5
"ren5e","10-20",3
"ro10e","31-40",6
"ro10e","21-30",5
"ro10e","21-30",5
"ro10e","21-30",5
"ro10e","10-20",5
"ro10e","10-20",4
"ro10e","10-20",6
"ro10e","21-30",5
"ro10e","10-20",6
"ro10e","10-20",6
"ro10e","10-20",6
"ro10e","10-20",6
"ro10e","10-20",6
"ro10e","10-20",6
"ro10e","10-20",5
"ro10e","41+",5
"ro10e","21-30",5
"ro10e","10-20",5
"ro11e","21-30",5
"ro11e","10-20",5
"ro11e","10-20",6
"ro11e","21-30",5
"ro11e","21-30",5
"ro11e","10-20",5
"ro11e","10-20",5
"ro11e","41+",5
"ro11e","21-30",5
"ro11e","21-30",5
"ro12e","10-20",6
"ro12e","21-30",5
"ro13e","10-20",5
"ro13e","10-20",2
"ro13e","31-40",6
"ro13e","10-20",6
"ro13e","10-20",5
"ro13e","21-30",5
"ro13e","10-20",6
"ro13e","10-20",5
"ro13e","10-20",5
"ro13e","21-30",5
"ro13e","10-20",6
"ro13e","21-30",6
"ro13e","10-20",5
"ro13e","21-30",6
"ro13e","10-20",6
"ro13e","10-20",5
"ro13e","10-20",5
"ro13e","21-30",5
"ro13e","31-40",5
"ro13e","21-30",5
"ro13e","21-30",5
"ro13e","10-20",6
"ro13e","10-20",6
"ro13e","10-20",5
"ro13e","31-40",5
"ro13e","10-20",2
"ro13e","10-20",5
"ro13e","10-20",5
"ro13e","31-40",6
"ro14e","41+",5
"ro14e","31-40",5
"ro15e","41+",5
"ro1c","21-30",5
"ro1c","21-30",5
"ro1c","10-20",5
"ro1c","10-20",6
"ro1c","10-20",6
"ro1c","21-30",6
"ro1c","10-20",6
"ro1c","10-20",6
"ro1c","10-20",6
"ro1c","31-40",5
"ro1c","10-20",5
"ro1c","31-40",6
"ro1c","10-20",5
"ro1c","21-30",5
"ro1c","21-30",5
"ro1c","21-30",5
"ro1c","10-20",5
"ro1c","10-20",6
"ro1c","10-20",6
"ro1c","10-20",6
"ro1c","10-20",5
"ro1c","21-30",5
"ro1c","10-20",5
"ro1c","10-20",5
"ro1c","21-30",5
"ro1c","10-20",6
"ro1c","10-20",5
"ro1c","10-20",6
"ro1c","10-20",5
"ro1c","21-30",5
"ro1c","21-30",5
"ro1c","21-30",5
"ro1c","10-20",5
"ro2c","21-30",6
"ro2c","21-30",6
"ro2c","21-30",5
"ro2c","10-20",6
"ro2c","10-20",6
"ro3c","21-30",5
"ro4c","41+",6
"ro4c","10-20",5
"ro4c","41+",5
"ro4c","21-30",5
"ro4c","41+",6
"ro4c","41+",5
"ro4c","31-40",5
"ro4c","41+",5
"ro4c","31-40",6
"ro5c","31-40",5
"ro5c","10-20",5
"ro6c","21-30",5
"ro6c","10-20",5
"ro6c","10-20",3
"ro6c","21-30",5
"ro6c","21-30",5
"ro6c","41+",5
"ro6c","10-20",5
"ro6c","21-30",5
"ro7c","10-20",5
"ro7c","10-20",5
"ro7c","10-20",5
"ro7c","10-20",5
"ro7c","10-20",5
"ro7c","10-20",6
"ro7c","10-20",5
"ro7c","10-20",5
"ro7c","10-20",5
"ro7c","10-20",6
"ro7c","10-20",6
"ro7c","10-20",6
"ro7c","10-20",5
"ro7c","10-20",5
"ro7c","21-30",5
"ro7c","21-30",5
"ro7c","21-30",5
"ro7c","21-30",5
"ro7c","31-40",5
"sa10e","10-20",5
"sa12e","10-20",4
"sa13e","10-20",4
"sa13e","10-20",5
"sai1e","10-20",6
"sai1e","10-20",6
"sai1e","10-20",2
"sai1e","10-20",5
"sai1e","10-20",6
"sai1e","10-20",6
"sai1e","10-20",6
"sai2e","10-20",5
"sai2e","21-30",5
"sai2e","10-20",1
"sai2e","10-20",6
"sai2e","10-20",5
"sai2e","10-20",5
"sai2e","10-20",1
"sai2e","10-20",5
"sai2e","10-20",5
"sai2e","21-30",6
"sai2e","10-20",1
"sai2e","10-20",6
"sai2e","10-20",5
"sai2e","10-20",5
"sai3e","21-30",5
"sai3e","41+",5
"sai3e","31-40",5
"sai3e","10-20",5
"sai3e","10-20",2
"sai3e","21-30",5
"sai3e","21-30",5
"sai3e","31-40",5
"sai3e","10-20",5
"sai3e","31-40",5
"se1c","31-40",5
"se2c","41+",5
"se2c","41+",5
"se2c","10-20",5
"se2c","10-20",5
"se2c","21-30",5
"se2c","31-40",5
"se2c","10-20",6
"se2c","10-20",5
"se2c","10-20",5
"se2c","10-20",5
"se2c","10-20",5
"se2c","41+",6
"se2c","41+",5
"se3c","10-20",5
"se3c","21-30",5
"se3c","41+",5
"se3c","10-20",5
"se8e","41+",5
"se8e","41+",5
"se8e","41+",5
"se8e","31-40",5
"se8e","41+",5
"se8e","31-40",5
"se8e","31-40",5
"se9e","41+",5
"se9e","31-40",5
"se9e","41+",6
"se9e","31-40",6
"sum1c","10-20",2
"sum1c","10-20",3
"sum1c","10-20",6
"sum1c","21-30",5
"sum1c","41+",5
"sum1c","41+",5
"sum2c","10-20",1
"sum2c","10-20",2
"sum2c","10-20",3
"sum2c","10-20",3
"sum2c","10-20",4
"sum2c","10-20",4
"sum2c","10-20",4
"sum2c","10-20",4
"sum2c","21-30",5
"sum2c","21-30",6
"sum2c","31-40",5
"sum2c","31-40",5
"sum2c","31-40",5
"sum2c","41+",5
"sum4c","10-20",1
"sum4c","10-20",5
"sum4c","10-20",5
"sum4c","10-20",5
"sum4c","10-20",5
"sum4c","21-30",5
"sum4c","21-30",5
"sum5e","10-20",5
"sum5e","10-20",5
"sum5e","10-20",5
"sum5e","21-30",3
"sum5e","21-30",5
"sum5e","21-30",5
"sum6e","10-20",5
"sum6e","10-20",5
"sum6e","10-20",5
"sum6e","10-20",5
"sum6e","10-20",5
"sum7e","10-20",5
"sum8e","10-20",5
"sum8e","10-20",5
"sum8e","10-20",5
"te2c","10-20",6
"te2c","10-20",6
"te2c","10-20",5
"te2c","10-20",5
"te2c","10-20",6
"te2c","10-20",6
"te2c","21-30",6
"te2c","10-20",6
"te2c","10-20",5
"te2c","10-20",6
"te2c","10-20",6
"te2c","10-20",6
"te2c","10-20",6
"te2c","10-20",6
"te2c","21-30",6
"te2c","10-20",6
"te3c","41+",5
"te4c","10-20",6
"te4c","10-20",5
"te4c","10-20",5
"te4c","10-20",5
"te4c","10-20",5
"te4c","10-20",6
"te4c","10-20",5
"te4c","10-20",6
"te4c","10-20",5
"te4c","10-20",5
"te4c","10-20",6
"te4c","10-20",5
"te4c","10-20",5
"te4c","10-20",6
"te4c","10-20",6
"te4c","10-20",6
"te4c","10-20",6
"te4c","10-20",6
"te4c","21-30",6
"te4c","10-20",6
"te4c","21-30",5
"te4c","21-30",5
"te4c","21-30",6
"te4c","21-30",6
"te4c","21-30",5
"te5c","21-30",6
"te5c","21-30",6
"te5c","21-30",6
"te5c","10-20",6
"te8e","10-20",5
"te8e","10-20",6
"te8e","31-40",5
"te8e","21-30",5
"te8e","10-20",5
"te8e","10-20",5
"te8e","10-20",5
"wil1c","21-30",6
"wil1c","10-20",5
"wil2c","10-20",5
"wil2c","31-40",6
"wil2c","10-20",5
"wil2c","10-20",5
"wil2c","21-30",5
"wil2c","10-20",5
"wil2c","10-20",5
"wil2c","31-40",6
"wil2c","21-30",5
"wil2c","21-30",5
"wil2c","21-30",5
"wil2c","21-30",5
"wil2c","10-20",5
"wil2c","10-20",5
"an11e","1-2.4",1
"an11e","2.5-4.9",1
"an12e",NA,5
"an14e","0-0.9",1
"an14e","0-0.9",1
"an14e","0-0.9",1
"an14e","0-0.9",1
"an14e","0-0.9",1
"an3c","1-2.4",1
"an3c","1-2.4",1
"an3c","1-2.4",1
"an3c","0-0.9",1
"an4c","0-0.9",1
"arb4e","0-0.9",1
"bea1c","5-9.9",5
"bea1c","5-9.9",5
"bea3e","5-9.9",2
"bea3e","5-9.9",2
"bea3e","5-9.9",3
"ce5e","1-2.4",1
"ce5e","2.5-4.9",1
"ce5e",NA,5
"flb1c","0-0.9",1
"flb1c","0-0.9",1
"flb1c","0-0.9",1
"flb1c","0-0.9",1
"flb1c","0-0.9",1
"flb1c","0-0.9",1
"flb1c","5-9.9",6
"flb2c","1-2.4",1
"flb2c","0-0.9",1
"flb2c",NA,2
"flb3c","5-9.9",5
"flb3c",NA,5
"flb5e","1-2.4",2
"flb5e","5-9.9",2
"flb5e","5-9.9",3
"flb6e","0-0.9",1
"flb8e","0-0.9",1
"he12e","5-9.9",5
"he12e","5-9.9",5
"he12e","2.5-4.9",5
"he14e","1-2.4",1
"he14e","1-2.4",1
"he14e","1-2.4",1
"he14e","2.5-4.9",1
"he14e","2.5-4.9",1
"he14e","0-0.9",1
"he14e","1-2.4",1
"he14e","2.5-4.9",1
"he14e","2.5-4.9",1
"he14e","2.5-4.9",1
"he14e","2.5-4.9",1
"he14e","2.5-4.9",5
"he14e","5-9.9",5
"he14e","1-2.4",5
"he14e","1-2.4",5
"he14e","2.5-4.9",5
"he14e",NA,5
"he14e",NA,5
"he14e","2.5-4.9",5
"he15e","5-9.9",1
"he15e","2.5-4.9",1
"he2c","1-2.4",1
"he2c",NA,5
"he2c","5-9.9",5
"he5c","1-2.4",4
"ibd1c","0-0.9",1
"ibd2c","1-2.4",1
"ibd3c","0-0.9",3
"ibd4e","2.5-4.9",1
"ibd4e","0-0.9",1
"ibd4e","1-2.4",1
"ibd4e","0-0.9",1
"ibd4e","0-0.9",1
"ibd4e","5-9.9",1
"ibd4e",NA,1
"ibd4e","0-0.9",1
"ibd4e","1-2.4",2
"ibd4e","1-2.4",2
"ibd5e","1-2.4",1
"ibd5e","0-0.9",2
"iro2c","2.5-4.9",1
"iro3c","1-2.4",1
"iro3c","1-2.4",1
"iro3c","1-2.4",1
"iro3c","0-0.9",1
"iro3c","0-0.9",1
"iro4e","2.5-4.9",2
"iro6e","0-0.9",1
"iro6e","0-0.9",1
"iro6e","0-0.9",1
"iro6e","0-0.9",1
"iro6e","0-0.9",1
"iro6e","1-2.4",1
"iro6e","0-0.9",1
"iro6e","2.5-4.9",1
"iro6e","0-0.9",1
"la1c","1-2.4",1
"la1c","1-2.4",1
"la1c","1-2.4",1
"la1c","1-2.4",1
"la1c","5-9.9",1
"la1c","1-2.4",1
"la1c","1-2.4",1
"la1c","1-2.4",1
"la2c","0-0.9",1
"la2c","1-2.4",1
"la2c","0-0.9",1
"la2c","0-0.9",1
"la2c","0-0.9",1
"la3e","0-0.9",1
"la3e","2.5-4.9",1
"la3e","2.5-4.9",3
"la4e","0-0.9",1
"la4e","0-0.9",1
"la4e","0-0.9",1
"la4e","0-0.9",1
"la4e","0-0.9",1
"la4e","0-0.9",1
"la4e","0-0.9",2
"li12e","1-2.4",1
"li12e","5-9.9",5
"li19e","0-0.9",1
"li19e","0-0.9",1
"li19e","1-2.4",1
"li4c","0-0.9",1
"li4c","0-0.9",1
"ma2c","0-0.9",1
"ma2c","1-2.4",1
"ma3c","1-2.4",1
"ma3c","0-0.9",1
"ma5e","0-0.9",1
"ma5e","0-0.9",1
"ma5e","0-0.9",1
"ma5e","0-0.9",1
"ma5e","1-2.4",1
"ma5e",NA,2
"ma5e","5-9.9",2
"ma6","0-0.9",1
"ma6","1-2.4",1
"ma6","0-0.9",1
"ma6","0-0.9",1
"ma6","0-0.9",1
"ma6","2.5-4.9",1
"ma6",NA,1
"ma6","1-2.4",1
"ma6","1-2.4",1
"ma6","1-2.4",1
"ma6","0-0.9",1
"ma6","1-2.4",1
"ma6","1-2.4",1
"ma6","1-2.4",1
"ma6","0-0.9",1
"ma6","1-2.4",1
"mtb11c","1-2.4",1
"mtb11c","0-0.9",1
"mtb11c","1-2.4",2
"mtb12c","5-9.9",1
"mtb12c","1-2.4",1
"mtb14c","2.5-4.9",1
"mtb14c","2.5-4.9",1
"mtb14c","5-9.9",1
"mtb14c","2.5-4.9",1
"mtb14c","2.5-4.9",2
"mtb14c","1-2.4",3
"mtb14c","2.5-4.9",3
"mtb14c","2.5-4.9",4
"mtb14c","2.5-4.9",5
"mtb15e","0-0.9",2
"mtb16e","1-2.4",1
"mtb16e","1-2.4",1
"mtb16e","1-2.4",1
"mtb16e","0-0.9",1
"mtb16e","0-0.9",1
"mtb16e","0-0.9",1
"mtb16e","1-2.4",1
"mtb16e","0-0.9",1
"mtb16e","0-0.9",1
"mtb16e","0-0.9",1
"mtb16e","0-0.9",1
"mtb16e","0-0.9",1
"mtb16e","0-0.9",1
"mtb16e","0-0.9",1
"mtb16e","1-2.4",1
"mtb16e","0-0.9",1
"mtb16e","0-0.9",1
"mtb16e","1-2.4",2
"mtb16e","0-0.9",2
"mtb16e","0-0.9",2
"mtb16e","0-0.9",2
"mtb17e","2.5-4.9",1
"mtb19e","1-2.4",1
"mtb19e","2.5-4.9",1
"mtb19e","1-2.4",1
"mtb19e","1-2.4",1
"mtb19e","1-2.4",1
"mtb19e","1-2.4",1
"mtb19e","0-0.9",1
"mtb19e","1-2.4",1
"mtb19e","2.5-4.9",1
"mtb19e","1-2.4",1
"mtb19e","1-2.4",1
"mtb1c",NA,5
"mtb20e","5-9.9",1
"mtb20e","0-0.9",1
"mtb20e","1-2.4",3
"mtb21e","2.5-4.9",2
"mtb21e","1-2.4",2
"mtb22e","5-9.9",1
"mtb22e","5-9.9",1
"mtb22e","5-9.9",2
"mtb22e",NA,2
"mtb22e",NA,2
"mtb22e",NA,2
"mtb22e","2.5-4.9",2
"mtb22e","2.5-4.9",5
"mtb22e","2.5-4.9",5
"mtb22e","2.5-4.9",5
"mtb23e","0-0.9",1
"mtb24e","1-2.4",2
"mtb27e","0-0.9",1
"mtb27e","1-2.4",1
"mtb27e","1-2.4",1
"mtb27e","1-2.4",1
"mtb27e","0-0.9",1
"mtb27e","1-2.4",1
"mtb27e","0-0.9",1
"mtb27e","0-0.9",2
"mtb27e","5-9.9",2
"mtb27e",NA,6
"mtb2c","0-0.9",1
"mtb2c","1-2.4",1
"mtb2c","0-0.9",1
"mtb2c","5-9.9",1
"mtb4c","1-2.4",1
"mtb4c","0-0.9",1
"mtb4c","1-2.4",1
"mtb4c","1-2.4",1
"mtb4c","0-0.9",1
"mtb6c",NA,5
"mtb6c","5-9.9",5
"mtb7c","0-0.9",1
"mtb7c","0-0.9",1
"mtb8c","0-0.9",1
"mtb8c","1-2.4",1
"mtb9c","1-2.4",1
"mtb9c","1-2.4",1
"mtb9c","1-2.4",1
"per2c","1-2.4",1
"per2c","0-0.9",1
"per2c","1-2.4",3
"pet1c","1-2.4",1
"pet2c","0-0.9",1
"pet2c","1-2.4",1
"pet2c","1-2.4",1
"pet3e","1-2.4",1
"pet3e","1-2.4",5
"pet4e","0-0.9",1
"po1c","0-0.9",1
"po1c","1-2.4",1
"po1c","5-9.9",2
"po2c","0-0.9",1
"po2c","1-2.4",1
"po2c","0-0.9",2
"po3c","1-2.4",1
"po3c","0-0.9",1
"po3c","2.5-4.9",2
"po3c","2.5-4.9",5
"po3c",NA,5
"po3c","5-9.9",6
"po3c","2.5-4.9",6
"po4e","5-9.9",5
"po4e",NA,5
"po4e","2.5-4.9",6
"po4e","2.5-4.9",6
"po4e","2.5-4.9",6
"po5e","0-0.9",1
"po5e","0-0.9",1
"po5e","1-2.4",1
"po5e","1-2.4",1
"po5e","2.5-4.9",3
"ren1c","2.5-4.9",1
"ren1c","2.5-4.9",1
"ren1c","0-0.9",1
"ren1c","0-0.9",1
"ren1c","1-2.4",1
"ren1c","5-9.9",3
"ren1c","5-9.9",4
"ren2c","5-9.9",3
"ren2c",NA,3
"ren2c",NA,5
"ren2c","5-9.9",5
"ren2c","5-9.9",5
"ren2c","2.5-4.9",5
"ren3c","0-0.9",1
"ren3c","0-0.9",2
"ren3c","0-0.9",2
"ren3c","5-9.9",3
"ren3c","2.5-4.9",4
"ren3c","2.5-4.9",5
"ren3c","2.5-4.9",5
"ren3c",NA,5
"ren3c","5-9.9",6
"ren3c",NA,6
"ren3c","5-9.9",6
"ren4e","2.5-4.9",5
"ren5e",NA,5
"ro13e","1-2.4",1
"ro13e","0-0.9",2
"ro13e","0-0.9",2
"ro13e","0-0.9",2
"ro2c","0-0.9",1
"ro2c","1-2.4",1
"ro6c",NA,5
"ro7c",NA,5
"sa10e","0-0.9",1
"sa10e","0-0.9",1
"sa10e","0-0.9",1
"sa10e","0-0.9",1
"sa10e","0-0.9",1
"sa10e","0-0.9",1
"sa10e","0-0.9",1
"sa11e","1-2.4",1
"sa11e","1-2.4",1
"sa11e","1-2.4",1
"sa11e","1-2.4",1
"sa11e","1-2.4",1
"sa11e","1-2.4",1
"sa11e","2.5-4.9",1
"sa11e","1-2.4",1
"sa12e",NA,1
"sa12e","0-0.9",1
"sa12e","0-0.9",1
"sa12e","2.5-4.9",1
"sa12e","5-9.9",1
"sa12e","0-0.9",1
"sa12e","5-9.9",5
"sa13e","0-0.9",1
"sa15e","0-0.9",1
"sa2c","0-0.9",1
"sa5c","0-0.9",1
"sa6c","0-0.9",1
"sa8c","0-0.9",1
"sa8c","0-0.9",1
"sa8c","0-0.9",1
"sa8c","1-2.4",1
"sa8c","1-2.4",1
"sa8c","0-0.9",1
"sa8c","0-0.9",1
"sa8c","0-0.9",1
"sa8c","0-0.9",1
"sa8c","0-0.9",1
"sa9e","1-2.4",1
"sai1e","1-2.4",1
"sai2e","1-2.4",1
"se1c","0-0.9",2
"se4c","1-2.4",1
"se4c","1-2.4",1
"se4c","1-2.4",1
"se4c","1-2.4",1
"sum2c","0-0.9",1
"sum2c","0-0.9",1
"sum2c","0-0.9",1
"sum2c","0-0.9",1
"sum2c","5-9.9",5
"sum2c","5-9.9",6
"sum2c",NA,6
"sum2c",NA,6
"sum5e","0-0.9",1
"sum5e","0-0.9",1
"sum5e","1-2.4",1
"sum5e","1-2.4",1
"sum5e","1-2.4",1
"sum5e","1-2.4",1
"sum5e","0-0.9",1
"sum5e","1-2.4",1
"sum5e","1-2.4",1
"sum5e","1-2.4",1
"sum5e","1-2.4",1
"sum5e","1-2.4",2
"sum7e","0-0.9",1
"sum7e","0-0.9",1
"sum7e","0-0.9",1
"sum7e","0-0.9",1
"sum7e","1-2.4",1
"sum8e","0-0.9",1
"te2c","0-0.9",1
"te2c","5-9.9",6
"te2c","5-9.9",6
"te4c","0-0.9",1
"te4c","0-0.9",1
"te4c","5-9.9",1
"te4c","0-0.9",1
"te4c","1-2.4",1
"te4c","1-2.4",1
"te4c","1-2.4",1
"te5c","1-2.4",1
"te5c","1-2.4",1
"te6e","0-0.9",1
"wil4e","1-2.4",3
"wil4e","0-0.9",6
