"sitesCode","acer.ginna","acer.negun","acer.nigru","acer.plata","acer.rinum","acer.rubru","acer.sacch","amela.laevi","betul.alleg","betul.papyr","betul.popul","carpi.carol","carya.cordi","carya.ovata","celti.occid","fagus.grand","fraxi.cf.penns","fraxi.nigra","ostry.virgi","picea.abies","picea.glauc","popul.delto","popul.tremu","prunu.serot","querc.bicol","querc.macro","querc.rubra","robin.pseud","tilia.ameri","ulmus.ameri","ulmus.rubra"
"an10e",0,0,0,0,1600,0,0,0,0,0,0,0,0,0,0,0,0,0,0,0,0,0,0,0,1200,0,0,0,400,0,0
"an11e",0,0,0,0,0,0,0,0,0,0,0,0,400,0,0,0,2800,0,0,0,0,0,0,0,0,0,0,0,6800,0,0
"an12e",0,0,0,0,0,0,0,0,0,0,0,0,0,0,0,0,800,0,0,0,0,0,0,0,0,0,0,0,0,0,0
"an13e",0,0,0,0,0,0,0,0,0,0,0,0,0,0,0,0,0,0,0,0,0,0,0,0,0,0,0,0,0,0,0
"an14e",0,0,0,0,0,0,0,0,0,0,0,0,0,0,0,0,400,0,0,0,0,0,0,0,0,0,0,0,1200,400,0
"an1c",0,0,0,0,0,0,0,0,0,0,0,0,0,0,0,0,400,0,0,0,0,0,0,0,0,0,0,0,0,0,0
"an3c",0,0,0,0,0,0,1600,0,0,0,0,0,0,0,0,0,3600,0,0,0,0,0,0,0,0,0,0,0,0,400,0
"an4c",0,0,0,0,0,0,0,0,0,0,0,0,0,0,0,0,0,0,0,0,0,0,0,0,0,0,0,0,0,0,0
"an5c",0,0,0,0,0,0,1200,0,0,0,0,0,0,0,0,0,0,0,0,0,0,0,0,0,0,0,0,0,400,0,1200
"an6c",0,0,0,0,400,0,0,0,0,0,0,0,0,0,0,0,0,0,0,0,0,0,0,0,0,0,0,0,0,0,0
"an7c",0,0,0,0,0,0,800,0,0,0,0,0,400,0,0,0,0,0,0,0,0,0,0,0,0,0,0,0,0,0,0
"an8e",0,0,0,0,0,0,800,0,0,0,0,0,800,0,0,0,1600,0,0,0,0,0,0,0,0,0,0,0,0,0,0
"an9e",0,0,0,0,400,0,0,0,0,0,0,0,0,0,0,0,400,0,0,0,0,0,0,0,0,0,0,0,400,400,0
"arb1c",0,0,0,0,400,0,0,0,0,0,0,0,0,0,0,0,400,0,0,0,0,0,0,0,0,0,0,0,0,1200,0
"arb2c",0,0,0,0,0,0,2000,0,0,0,0,0,800,0,0,0,0,0,0,0,0,0,0,0,0,0,0,0,0,0,0
"arb3c",0,0,0,0,0,0,0,0,0,0,0,0,0,0,0,0,0,1200,800,0,0,0,0,0,0,0,0,0,800,0,0
"arb4e",0,0,0,0,0,0,800,0,0,0,0,0,0,0,0,0,1200,0,0,0,0,0,0,0,0,0,0,0,0,0,0
"arb5e",0,0,0,0,0,0,1600,0,0,0,0,0,0,0,0,0,1600,0,0,0,0,0,0,0,0,0,0,0,0,0,0
"bea1c",0,0,0,0,800,0,400,0,0,0,0,0,0,0,0,0,400,0,0,0,0,0,0,0,0,0,0,0,0,0,0
"bea4e",0,0,0,0,1600,0,5600,0,0,0,0,0,0,0,0,0,800,0,0,0,0,0,0,0,0,0,0,0,0,0,0
"bea5e",0,0,0,0,0,0,400,0,0,0,0,0,0,0,0,0,0,0,0,0,0,0,0,0,0,0,0,0,0,0,0
"ce1c",0,0,400,0,0,0,2000,0,0,0,0,0,0,0,0,0,400,0,0,0,0,0,0,0,0,0,0,0,0,0,0
"ce2c",0,0,400,0,0,0,0,0,0,0,0,0,0,0,0,0,0,0,0,0,0,0,0,0,0,0,0,0,0,0,0
"ce3c",0,0,0,0,0,0,1200,0,0,0,0,0,0,0,0,0,0,0,0,0,0,0,0,0,0,0,0,0,0,0,0
"ce4e",0,0,0,0,0,0,2000,0,0,0,0,0,0,0,0,0,0,0,0,0,0,0,0,0,0,0,0,0,0,0,0
"ce5e",0,2800,0,0,0,0,400,0,0,0,0,0,0,0,0,0,0,0,0,0,0,0,0,0,0,0,0,0,0,0,0
"ce6e",0,0,2000,0,0,0,400,0,0,0,0,0,0,0,0,0,0,0,0,0,0,0,0,0,0,0,0,0,0,400,0
"gra1c",0,0,0,0,0,0,1600,0,0,0,0,0,0,0,0,0,0,0,0,0,0,0,0,0,0,0,0,0,0,0,0
"gra2e",0,0,0,0,0,0,0,0,0,0,0,0,0,0,0,400,0,0,0,0,0,0,0,0,0,0,0,0,0,0,0
"gra3e",0,0,0,0,0,0,0,0,0,0,0,0,0,0,0,0,800,0,0,0,0,0,0,0,0,0,0,0,0,0,0
"gra4e",0,0,0,0,0,0,8800,0,0,0,0,0,0,0,0,0,0,0,0,0,0,0,0,0,0,0,0,0,0,0,0
"hei1c",0,0,0,0,0,800,0,0,0,0,0,0,0,0,0,0,800,0,0,0,0,0,0,0,0,0,400,0,0,0,0
"hei2c",0,0,0,0,0,2400,0,0,0,0,0,0,0,0,0,0,0,0,0,0,0,0,0,0,0,0,0,0,0,0,0
"hei3e",0,0,0,0,1200,0,0,0,0,0,0,0,0,0,0,0,400,0,0,0,0,0,0,0,0,0,0,0,0,0,0
"hei4e",0,0,0,400,0,0,0,0,0,0,0,0,0,800,0,0,0,0,800,0,0,0,0,0,0,0,400,0,1200,400,0
"ibd1c",0,0,0,0,400,0,0,0,0,0,0,0,0,0,0,0,400,0,0,0,0,0,0,0,0,0,0,0,0,0,0
"ibd2c",0,0,0,0,0,0,0,0,0,0,0,0,0,0,0,0,0,0,0,0,0,0,0,0,0,0,0,0,0,2800,0
"ibd3c",0,0,0,0,0,0,0,0,0,0,0,0,0,0,0,0,1200,0,0,0,0,0,0,0,0,400,0,0,800,0,0
"ibd4e",0,0,0,0,0,0,400,0,0,0,0,0,0,0,0,0,1200,0,0,0,0,0,0,0,0,400,0,0,0,1200,0
"ibd5e",0,0,800,0,0,0,1200,0,0,0,0,0,0,0,0,0,400,0,400,0,0,0,0,0,0,0,0,0,0,0,0
"iro1c",0,0,0,0,0,0,0,0,0,0,0,0,0,0,0,0,1600,0,0,0,0,0,0,0,0,0,0,0,0,0,0
"iro2c",0,800,0,0,0,0,0,0,0,0,0,0,0,0,0,0,800,0,0,0,0,0,0,0,0,0,0,0,0,0,0
"iro3c",0,0,0,0,1200,0,0,0,0,0,0,0,0,0,0,0,4800,0,0,0,0,0,0,0,0,0,0,0,0,0,0
"iro4e",0,0,0,0,6400,0,0,0,0,0,0,0,0,0,0,0,400,0,0,0,0,0,0,0,0,0,0,0,0,1600,0
"iro5e",0,0,0,0,800,0,0,0,0,0,0,0,0,0,0,0,0,0,0,0,0,0,0,0,0,0,0,0,0,0,0
"iro6e",0,0,0,0,0,800,0,0,0,0,0,0,0,0,0,0,3600,0,0,0,0,400,0,0,0,0,0,0,0,0,0
"la1c",0,0,0,0,2000,0,0,0,0,0,0,0,0,0,0,0,0,0,0,0,0,0,0,0,0,0,0,0,0,0,0
"la2c",0,0,0,0,0,0,0,0,0,0,0,0,0,0,0,0,0,0,0,0,0,0,0,0,0,0,0,0,0,0,0
"la3e",0,0,0,0,0,0,0,0,0,0,0,0,0,0,0,0,800,0,0,0,0,0,0,0,0,0,0,0,0,0,0
"la4e",0,0,0,0,0,0,0,0,0,0,0,0,0,0,0,0,6000,0,0,0,0,0,0,0,0,0,0,0,0,0,0
"li10c",0,0,0,0,0,0,4000,0,0,0,0,0,0,0,0,2400,0,0,0,0,0,0,0,0,0,0,0,0,0,0,0
"li11e",0,0,0,0,0,0,0,0,0,0,0,0,0,0,0,0,0,0,0,0,0,0,0,0,0,0,0,0,0,0,0
"li12e",0,0,0,0,0,0,0,0,0,0,0,0,0,0,0,0,3600,0,0,0,0,0,0,0,0,0,0,0,0,0,0
"li13e",0,0,0,0,0,0,0,0,0,0,0,0,0,0,0,0,400,0,400,0,0,0,0,0,0,0,0,0,0,400,0
"li14e",0,0,0,0,0,0,400,0,0,0,0,0,0,0,0,1600,0,0,0,0,0,0,0,0,0,0,0,0,0,0,0
"li15e",0,0,0,0,0,0,3200,0,0,0,0,0,0,0,0,0,0,0,0,0,0,0,0,0,0,0,0,0,400,0,0
"li16e",0,0,0,0,0,0,0,0,0,0,0,0,0,0,0,0,800,0,0,0,0,0,0,0,0,0,0,0,0,0,0
"li17e",0,0,0,0,0,0,1200,0,0,0,0,0,0,0,0,0,0,0,0,0,0,0,0,0,0,0,0,0,0,0,0
"li18e",0,0,0,0,0,0,0,0,0,0,0,0,0,0,0,0,0,0,0,0,0,0,0,0,0,0,0,0,400,0,0
"li19e",0,0,0,0,0,0,0,0,0,0,0,0,0,0,0,0,400,0,0,0,0,0,400,0,0,0,0,0,0,0,0
"li1c",0,0,0,0,0,0,2000,0,0,0,0,0,0,0,0,3200,0,0,0,0,0,0,0,0,0,0,0,0,0,0,0
"li2c",0,0,0,0,0,0,0,0,0,0,0,0,0,0,0,800,0,0,0,0,0,0,0,0,0,0,0,0,400,0,0
"li4c",0,0,0,0,0,0,0,0,400,0,0,0,0,0,0,0,0,0,0,0,0,0,0,0,0,0,0,0,400,0,400
"li5c",0,0,0,0,0,0,2000,0,0,0,0,0,0,0,0,0,400,0,0,0,0,0,0,0,0,0,0,0,2000,0,0
"li6c",0,0,0,0,0,0,400,0,0,0,0,0,0,0,0,0,400,0,1200,0,0,0,0,0,0,0,0,0,4400,0,0
"li7c",0,0,0,0,0,0,400,0,0,0,0,0,0,0,0,800,0,0,0,0,0,0,0,0,0,0,0,0,400,0,800
"li8c",0,0,0,0,0,0,2800,0,0,0,0,0,0,0,0,0,0,0,400,0,0,0,0,0,0,0,0,0,0,0,0
"li9c",0,0,0,0,0,0,1600,0,0,0,0,0,0,0,0,0,0,0,0,0,0,0,0,0,0,0,0,0,0,0,0
"ma2c",0,0,0,0,0,0,0,0,0,0,0,0,0,0,0,0,3200,0,0,0,0,0,0,0,0,0,0,0,0,0,0
"ma3c",0,0,0,0,1600,0,0,0,0,0,0,0,0,0,0,0,0,0,0,0,0,0,0,0,0,0,0,0,0,0,0
"ma4e",0,0,0,0,0,0,0,0,0,0,0,0,0,400,0,0,0,0,0,0,0,0,0,0,0,0,0,0,0,0,0
"ma5e",0,0,0,0,0,0,0,0,0,0,0,0,0,0,0,0,0,0,0,0,0,0,0,0,0,0,0,0,0,0,0
"ma6e",0,0,0,0,0,0,0,0,0,0,0,0,0,0,0,0,1200,0,0,0,0,0,0,0,0,0,0,0,0,400,0
"mtb12c",0,0,0,0,0,0,0,0,0,0,0,0,0,0,0,0,1200,0,0,0,0,0,0,0,0,0,0,0,0,0,0
"mtb19e",0,0,0,0,0,0,0,0,0,0,0,0,0,0,0,0,4400,0,0,0,0,0,0,800,0,0,0,0,800,0,0
"mtb20e",0,0,0,0,0,0,0,0,0,0,0,0,0,0,0,0,0,0,0,0,0,0,0,0,0,0,0,0,0,0,0
"mtb23e",0,0,0,0,0,0,3600,0,0,0,0,0,0,0,0,0,400,0,0,0,0,0,0,0,0,0,0,0,0,0,0
"mtb25e",0,0,0,0,0,0,0,0,0,0,0,0,0,0,0,0,0,0,0,0,400,0,0,0,0,0,0,0,400,0,0
"mtb27e",0,0,0,0,0,0,0,0,0,0,0,0,0,0,0,0,2400,0,0,0,0,0,0,0,0,400,0,0,800,0,0
"mtb7c",0,0,0,0,0,0,1600,0,0,0,0,0,0,0,0,0,3200,0,0,0,0,0,0,0,0,0,0,0,400,0,0
"mtb8c",0,0,0,0,0,0,400,0,0,0,0,0,800,0,0,0,800,0,0,0,0,0,0,0,0,0,800,0,0,0,0
"mtb9c",0,0,0,0,0,0,400,0,0,0,0,0,0,0,0,0,400,0,0,0,0,0,0,0,0,0,0,0,0,0,0
"per1c",0,0,0,0,0,0,0,0,0,0,0,0,0,0,0,0,800,0,0,0,0,0,0,0,0,0,0,0,400,0,0
"per2c",0,0,0,0,0,0,0,0,0,0,0,0,0,0,0,0,0,0,0,0,0,0,0,0,0,0,0,0,400,0,0
"per3e",0,0,0,0,0,0,0,0,0,0,0,0,0,0,0,0,0,0,0,0,0,0,0,0,0,0,0,0,0,0,0
"per4e",0,2000,0,400,0,0,0,0,0,0,0,0,0,0,800,0,400,0,0,0,0,0,0,0,0,0,0,800,0,0,0
"per5e",0,400,0,0,0,0,0,0,0,0,0,0,0,0,0,0,1200,0,0,0,0,0,0,0,0,0,0,0,0,0,0
"pet1c",0,0,0,0,400,0,0,0,0,0,0,0,0,0,1200,0,0,0,0,0,0,0,0,0,0,0,0,0,0,0,0
"pet2c",0,0,0,0,400,0,0,0,0,0,0,0,0,0,0,0,0,0,0,0,0,0,0,0,0,0,0,0,0,1600,0
"pet3e",0,0,0,0,1600,0,0,0,0,0,0,0,0,0,0,0,800,0,0,0,0,0,0,0,0,0,0,0,0,400,0
"pet4e",0,0,0,0,0,0,0,0,0,0,0,0,0,0,3200,0,0,0,0,0,0,0,0,0,0,0,0,0,0,400,0
"pet5e",0,0,0,0,400,0,0,0,0,0,0,0,0,0,0,0,0,0,0,0,0,0,0,0,0,0,0,0,0,800,0
"po1c",0,400,0,0,0,0,0,0,0,0,0,0,0,0,0,0,800,0,0,0,0,400,0,0,0,0,0,0,0,0,0
"po2c",0,0,0,0,0,0,0,0,0,0,0,0,0,0,0,0,0,0,0,0,0,0,0,0,0,0,0,0,0,0,0
"po3c",0,0,0,0,0,0,0,0,0,0,0,0,0,0,0,0,2400,0,0,0,0,0,0,0,0,0,0,0,0,0,0
"po4e",0,0,0,0,0,0,0,0,0,0,0,0,0,0,0,0,1200,0,0,0,0,0,0,0,0,0,0,0,0,800,0
"po5e",0,0,0,0,0,0,0,0,0,0,0,0,0,0,0,0,0,0,0,0,0,0,0,0,0,0,0,0,0,0,0
"ren1c",0,0,0,0,0,0,0,0,0,0,0,0,0,0,0,0,2000,0,0,0,0,0,0,0,0,0,0,0,0,400,0
"ren2c",0,0,0,0,0,0,0,0,0,0,0,0,0,0,0,0,6000,0,0,0,0,0,0,0,0,0,0,0,0,400,0
"ren3c",0,0,0,0,0,0,0,1600,0,0,0,0,0,0,0,0,3200,0,0,0,0,0,0,0,0,0,0,0,0,400,0
"ren4e",0,0,0,0,0,0,0,0,0,0,0,0,0,0,0,0,800,0,0,0,0,0,0,0,0,0,0,0,0,0,0
"ren5e",0,0,0,0,0,0,0,0,0,0,0,0,0,0,0,0,0,0,0,0,0,0,0,0,0,0,0,0,0,0,0
"ro10e",0,0,0,0,0,0,0,0,0,0,0,0,0,0,0,0,2400,0,0,0,0,0,0,0,0,0,0,0,0,0,0
"ro11e",0,0,0,0,0,0,800,0,0,0,0,0,0,0,0,0,400,0,0,0,0,0,0,0,0,0,0,0,800,0,0
"ro12e",0,0,0,0,0,0,0,0,0,0,0,0,0,0,0,0,0,0,0,0,0,0,0,0,0,0,0,0,0,0,0
"ro13e",0,0,0,0,0,0,0,0,0,0,0,0,0,0,0,0,0,0,0,0,0,0,0,0,0,0,0,0,0,0,0
"ro14e",0,0,0,0,0,0,1600,0,0,0,0,0,0,0,0,0,0,0,400,0,0,0,0,0,0,0,0,0,0,0,0
"ro15e",0,0,0,0,0,0,0,0,0,0,0,0,0,0,0,0,0,0,3200,0,0,0,0,0,0,0,0,0,1200,0,0
"ro1c",0,0,0,0,0,0,0,0,0,0,0,0,0,0,0,0,2800,0,0,0,0,0,0,0,0,0,0,0,0,800,0
"ro2c",0,0,0,0,0,0,0,0,0,0,0,0,0,0,0,0,0,0,0,0,0,0,0,0,0,0,0,0,0,800,0
"ro3c",0,0,0,0,0,0,1200,0,0,0,0,0,0,0,0,400,0,0,0,0,0,0,0,0,0,0,0,0,1200,0,0
"ro4c",0,0,0,0,0,0,400,0,0,0,0,0,0,0,0,0,0,400,0,0,0,0,0,0,0,0,0,0,0,0,0
"ro5c",0,0,0,0,0,0,1200,0,0,0,0,0,0,0,0,0,0,0,0,0,0,0,0,0,0,0,0,0,0,0,0
"ro6c",0,0,0,0,0,0,0,0,0,0,0,0,0,0,0,0,0,0,0,0,0,0,0,0,0,0,0,0,0,400,0
"ro7c",0,0,0,0,0,0,0,0,0,0,0,0,0,0,0,0,0,0,0,0,0,0,0,0,0,0,0,0,0,400,0
"ro8c",0,0,0,0,0,0,800,0,0,0,0,0,0,0,0,0,400,0,0,0,0,0,0,0,0,0,0,0,0,0,0
"sai1e",0,400,0,0,0,0,0,0,0,0,0,0,0,0,0,0,0,0,0,0,0,0,0,0,0,0,0,0,0,0,0
"sai2e",0,0,0,0,0,0,0,0,0,0,0,0,0,0,0,0,0,0,0,0,0,0,0,0,0,0,0,0,0,0,0
"sai3e",0,0,0,0,0,0,0,0,0,0,0,0,0,0,0,0,0,0,0,0,0,0,0,0,0,0,0,0,0,0,0
"se1c",0,0,0,0,400,0,0,0,0,0,0,0,0,0,0,0,0,0,0,0,0,0,0,0,0,0,0,0,0,400,0
"se2c",0,0,0,0,0,0,0,0,0,0,0,0,0,0,0,0,0,0,0,0,0,0,0,0,0,0,0,0,0,0,0
"se3c",0,0,0,0,0,0,0,0,0,0,0,0,400,0,400,0,0,0,0,0,0,0,0,0,0,0,0,0,0,400,0
"se4c",0,0,0,0,1200,0,0,0,0,0,0,0,400,0,0,0,400,0,0,0,0,0,0,0,0,0,0,0,0,0,0
"se5c",0,0,0,0,0,0,0,0,0,0,0,0,0,0,0,0,0,0,0,0,0,0,0,0,0,0,0,0,0,0,0
"se6e",0,0,0,0,0,8400,0,0,0,400,1200,0,0,0,0,0,0,0,0,0,0,0,0,0,0,0,0,0,0,0,0
"se7e",0,0,0,0,0,0,0,0,0,0,0,0,0,0,0,0,0,0,0,0,0,0,0,0,0,0,0,0,0,0,0
"se8e",0,0,0,0,0,0,0,0,0,0,0,0,0,0,0,0,0,0,0,0,0,0,0,0,0,0,0,0,0,0,0
"se9e",0,0,0,0,0,0,12000,0,0,0,0,0,0,0,0,0,0,0,0,0,0,0,0,0,0,0,0,0,0,0,0
"te1c",0,0,0,0,0,400,800,0,0,0,0,0,0,400,0,0,400,0,0,0,0,0,0,0,0,0,0,0,0,0,0
"te2c",0,0,0,0,0,0,0,400,0,0,0,0,0,0,0,0,0,0,0,0,0,0,0,0,0,0,0,0,400,800,0
"te3c",0,0,0,0,400,0,400,0,0,0,0,0,0,0,0,0,800,0,0,0,0,0,0,0,0,0,0,0,0,800,0
"te4c",0,0,0,0,0,0,0,0,0,0,0,0,0,0,0,0,3200,0,0,0,0,0,0,0,0,0,0,0,0,400,0
"te5c",0,0,0,0,0,0,0,0,0,0,0,0,0,0,0,0,0,0,0,0,0,0,0,0,0,0,0,0,0,0,0
"te6e",0,0,0,0,0,0,0,0,0,0,0,0,0,0,0,0,0,0,0,0,0,0,0,0,0,0,0,0,0,0,0
"te7e",1200,1600,0,0,0,0,0,0,0,0,0,0,0,0,0,0,400,0,0,0,0,0,0,0,0,0,0,0,0,0,0
"te8e",0,0,0,0,0,0,0,0,0,0,0,0,0,0,0,0,0,0,0,0,0,0,0,0,0,0,0,0,0,0,0
"te9e",0,0,0,400,0,0,0,0,0,0,0,0,0,0,0,0,0,0,0,0,0,0,0,0,0,0,0,0,0,0,0
"wil1c",0,0,0,0,0,0,0,0,0,0,0,0,0,0,0,0,800,0,0,0,0,0,0,0,0,0,0,0,0,0,0
"wil2c",0,0,0,0,0,0,0,0,0,0,0,0,0,0,0,0,0,0,0,0,0,0,0,0,0,0,0,0,0,0,0
"wil3e",0,0,0,0,0,0,800,0,0,0,0,0,0,0,0,0,0,0,0,0,0,0,0,0,0,0,0,0,0,0,0
"wil4e",0,0,0,0,0,0,2800,0,0,0,0,0,0,0,0,0,400,0,0,0,0,0,0,0,0,0,0,0,0,0,0
